Fecha,Adj Close
3/31/2006,18.025801
4/3/2006,18.490652
4/4/2006,18.552624
4/5/2006,17.989645
4/6/2006,17.994816
4/7/2006,17.261385
4/10/2006,17.04446
4/11/2006,17.132261
4/12/2006,17.586782
4/13/2006,17.638433
4/17/2006,17.411169
4/18/2006,17.586782
4/19/2006,17.225227
4/20/2006,17.380186
4/21/2006,17.436998
4/24/2006,17.50931
4/25/2006,17.504147
4/26/2006,17.493807
4/27/2006,17.917341
4/28/2006,17.870853
5/1/2006,17.757225
5/2/2006,17.514469
5/3/2006,16.54862
5/4/2006,16.682905
5/5/2006,16.946329
5/8/2006,16.429827
5/9/2006,16.564114
5/10/2006,16.584764
5/11/2006,15.913327
5/12/2006,15.520786
5/15/2006,15.226381
5/16/2006,14.993953
5/17/2006,13.196543
5/18/2006,13.70788
5/19/2006,13.831831
5/22/2006,13.222365
5/23/2006,13.55809
5/24/2006,13.196543
5/25/2006,13.780184
5/26/2006,14.436135
5/30/2006,13.836997
5/31/2006,13.945461
6/1/2006,14.565266
6/2/2006,14.580763
6/5/2006,14.399981
6/6/2006,14.084918
6/7/2006,13.599414
6/8/2006,12.912471
6/9/2006,13.026096
6/12/2006,12.07625
6/13/2006,10.77957
6/14/2006,11.248249
6/15/2006,12.341825
6/16/2006,12.211643
6/19/2006,11.800243
6/20/2006,11.815868
6/21/2006,12.237676
6/22/2006,12.294959
6/23/2006,12.216843
6/26/2006,12.419936
6/27/2006,11.946057
6/28/2006,11.815868
6/29/2006,12.393902
6/30/2006,12.550129
7/3/2006,13.310428
7/5/2006,12.565751
7/6/2006,12.899035
7/7/2006,12.477226
7/10/2006,12.857377
7/11/2006,12.643866
7/12/2006,12.388698
7/13/2006,12.065827
7/14/2006,11.836702
7/17/2006,11.92523
7/18/2006,11.857528
7/19/2006,12.77926
7/20/2006,12.706349
7/21/2006,12.602207
7/24/2006,13.122959
7/25/2006,13.201067
7/26/2006,13.279177
7/27/2006,13.711411
7/28/2006,13.987409
7/31/2006,14.049894
8/1/2006,13.747857
8/2/2006,14.091558
8/3/2006,14.075928
8/4/2006,14.607099
8/7/2006,14.461289
8/8/2006,14.24778
8/9/2006,14.732077
8/10/2006,15.153891
8/11/2006,15.023704
8/14/2006,14.98204
8/15/2006,15.247627
8/16/2006,15.429891
8/17/2006,15.596532
8/18/2006,15.872527
8/21/2006,15.388228
8/22/2006,14.945591
8/23/2006,14.534193
8/24/2006,14.638347
8/25/2006,14.555021
8/28/2006,14.846648
8/29/2006,14.711256
8/30/2006,14.737288
8/31/2006,15.153891
9/1/2006,15.04974
9/5/2006,15.018496
9/6/2006,14.456084
9/7/2006,14.940383
9/8/2006,14.893517
9/11/2006,14.721667
9/12/2006,14.763325
9/13/2006,15.273856
9/14/2006,15.163668
9/15/2006,15.022004
9/18/2006,15.216132
9/19/2006,14.817369
9/20/2006,15.200399
9/21/2006,14.838358
9/22/2006,15.048231
9/25/2006,14.906569
9/26/2006,15.216132
9/27/2006,15.216132
9/28/2006,15.273856
9/29/2006,15.006265
10/2/2006,15.315835
10/3/2006,15.074473
10/4/2006,15.216132
10/5/2006,15.740832
10/6/2006,16.029409
10/9/2006,16.029409
10/10/2006,16.323242
10/11/2006,16.297009
10/12/2006,15.845773
10/13/2006,15.688361
10/16/2006,15.740832
10/17/2006,15.620152
10/18/2006,15.583419
10/19/2006,15.515218
10/20/2006,15.583419
10/23/2006,15.588675
10/24/2006,15.546696
10/25/2006,15.798552
10/26/2006,15.672614
10/27/2006,15.788056
10/30/2006,15.788056
10/31/2006,16.039907
11/1/2006,15.898246
11/2/2006,15.934966
11/3/2006,15.919223
11/6/2006,16.223549
11/7/2006,16.580345
11/8/2006,16.344229
11/9/2006,16.386204
11/10/2006,16.470148
11/13/2006,16.522627
11/14/2006,16.60133
11/15/2006,16.659042
11/16/2006,16.480652
11/17/2006,16.580345
11/20/2006,16.176329
11/21/2006,16.060896
11/22/2006,15.929719
11/24/2006,15.740832
11/27/2006,15.237122
11/28/2006,15.268609
11/29/2006,15.363052
11/30/2006,15.777563
12/1/2006,15.662125
12/4/2006,15.740832
12/5/2006,15.772311
12/6/2006,15.809046
12/7/2006,15.546696
12/8/2006,15.483732
12/11/2006,15.447
12/12/2006,15.696541
12/13/2006,15.70712
12/14/2006,15.802276
12/15/2006,16.124777
12/18/2006,16.034897
12/19/2006,16.045471
12/20/2006,16.050753
12/21/2006,16.330959
12/22/2006,16.627022
12/26/2006,16.558287
12/27/2006,16.685171
12/28/2006,16.701033
12/29/2006,16.457842
1/3/2007,16.896646
1/4/2007,15.85514
1/5/2007,16.066614
1/8/2007,16.093056
1/9/2007,15.812849
1/10/2007,15.781125
1/11/2007,15.96617
1/12/2007,16.071896
1/16/2007,15.860434
1/17/2007,15.770549
1/18/2007,15.781125
1/19/2007,15.754692
1/22/2007,15.580224
1/23/2007,15.527368
1/24/2007,15.601378
1/25/2007,15.469209
1/26/2007,15.389908
1/29/2007,15.2736
1/30/2007,15.611954
1/31/2007,15.72826
2/1/2007,15.871011
2/2/2007,15.802276
2/5/2007,15.701822
2/6/2007,15.860434
2/7/2007,15.85514
2/8/2007,15.63839
2/9/2007,15.495639
2/12/2007,15.43749
2/13/2007,15.426919
2/14/2007,15.463923
2/15/2007,15.485061
2/16/2007,15.648953
2/20/2007,15.527368
2/21/2007,15.490349
2/22/2007,15.532655
2/23/2007,15.284163
2/26/2007,15.146715
2/27/2007,14.253242
2/28/2007,14.163364
3/1/2007,14.284963
3/2/2007,14.40127
3/5/2007,13.750995
3/6/2007,14.274384
3/7/2007,14.348405
3/8/2007,14.538731
3/9/2007,14.845364
3/12/2007,14.908808
3/13/2007,14.557401
3/14/2007,14.445427
3/15/2007,14.429422
3/16/2007,14.365436
3/19/2007,14.488076
3/20/2007,14.498745
3/21/2007,15.015985
3/22/2007,14.770692
3/23/2007,14.904005
3/26/2007,14.685375
3/27/2007,14.877342
3/28/2007,14.680043
3/29/2007,14.722701
3/30/2007,14.765363
4/2/2007,14.541402
4/3/2007,14.813354
4/4/2007,14.866681
4/5/2007,15.213284
4/9/2007,15.261274
4/10/2007,15.223948
4/11/2007,15.282604
4/12/2007,15.293268
4/13/2007,15.799845
4/16/2007,15.794519
4/17/2007,15.45324
4/18/2007,15.42658
4/19/2007,15.39459
4/20/2007,15.357259
4/23/2007,15.298601
4/24/2007,15.239942
4/25/2007,15.282604
4/26/2007,15.213284
4/27/2007,15.111971
4/30/2007,14.962667
5/1/2007,14.941332
5/2/2007,14.824018
5/3/2007,14.957328
5/4/2007,14.877342
5/7/2007,14.28012
5/8/2007,14.178807
5/9/2007,14.568066
5/10/2007,14.866681
5/11/2007,15.197288
5/14/2007,15.117302
5/15/2007,14.744033
5/16/2007,14.967996
5/17/2007,14.957328
5/18/2007,15.053311
5/21/2007,15.031984
5/22/2007,15.202621
5/23/2007,15.005325
5/24/2007,14.600056
5/25/2007,14.824018
5/29/2007,14.834683
5/30/2007,14.957328
5/31/2007,14.936004
6/1/2007,15.314602
6/4/2007,15.303937
6/5/2007,15.277276
6/6/2007,15.143964
6/7/2007,15.031984
6/8/2007,15.079976
6/11/2007,15.469239
6/12/2007,15.645835
6/13/2007,16.539568
6/14/2007,17.567913
6/15/2007,18.03093
6/18/2007,18.477804
6/19/2007,18.391666
6/20/2007,18.084774
6/21/2007,18.332439
6/22/2007,17.955561
6/25/2007,17.993246
6/26/2007,18.041697
6/27/2007,17.648674
6/28/2007,17.702518
6/29/2007,17.675589
7/2/2007,17.91787
7/3/2007,17.62714
7/5/2007,17.444077
7/6/2007,17.271797
7/9/2007,17.524843
7/10/2007,17.718664
7/11/2007,17.62175
7/12/2007,18.504721
7/13/2007,18.154762
7/16/2007,18.240906
7/17/2007,19.651514
7/18/2007,19.877638
7/19/2007,19.920721
7/20/2007,19.813032
7/23/2007,19.920721
7/24/2007,19.430773
7/25/2007,19.452297
7/26/2007,18.989283
7/27/2007,18.483189
7/30/2007,19.436155
7/31/2007,19.16156
8/1/2007,18.822372
8/2/2007,19.118498
8/3/2007,19.096964
8/6/2007,19.280018
8/7/2007,19.565367
8/8/2007,19.565367
8/9/2007,18.488577
8/10/2007,18.127844
8/13/2007,18.251678
8/14/2007,17.551758
8/15/2007,17.228722
8/16/2007,16.345753
8/17/2007,16.092701
8/20/2007,16.281136
8/21/2007,16.22192
8/22/2007,16.663403
8/23/2007,16.970285
8/24/2007,17.492535
8/27/2007,17.352552
8/28/2007,17.040285
8/29/2007,17.62175
8/30/2007,17.465612
8/31/2007,17.648674
9/4/2007,17.632521
9/5/2007,17.62175
9/6/2007,17.573298
9/7/2007,17.460232
9/10/2007,17.217947
9/11/2007,16.851835
9/12/2007,16.99721
9/13/2007,16.894913
9/14/2007,16.728016
9/17/2007,16.731266
9/18/2007,16.953772
9/19/2007,17.539881
9/20/2007,17.387932
9/21/2007,17.670134
9/24/2007,17.583294
9/25/2007,17.290241
9/26/2007,17.746107
9/27/2007,18.641554
9/28/2007,18.804363
10/1/2007,18.864059
10/2/2007,18.956318
10/3/2007,18.478745
10/4/2007,18.885761
10/5/2007,19.135403
10/8/2007,19.488155
10/9/2007,19.754072
10/10/2007,19.428467
10/11/2007,19.493576
10/12/2007,19.607542
10/15/2007,19.238518
10/16/2007,18.912895
10/17/2007,18.880335
10/18/2007,18.874908
10/19/2007,18.196543
10/22/2007,18.402763
10/23/2007,19.271074
10/24/2007,18.86948
10/25/2007,19.059425
10/26/2007,19.347061
10/29/2007,19.531574
10/30/2007,20.047134
10/31/2007,19.944019
11/1/2007,19.222227
11/2/2007,19.868046
11/5/2007,20.524708
11/6/2007,20.844893
11/7/2007,20.459581
11/8/2007,20.166515
11/9/2007,19.678101
11/12/2007,18.239956
11/13/2007,19.759501
11/14/2007,20.275063
11/15/2007,20.351038
11/16/2007,20.199081
11/19/2007,20.079702
11/20/2007,19.710661
11/21/2007,19.016006
11/23/2007,19.493576
11/26/2007,18.804363
11/27/2007,19.254795
11/28/2007,19.699799
11/29/2007,20.079702
11/30/2007,20.079702
12/3/2007,20.079702
12/4/2007,19.770359
12/5/2007,19.808348
12/6/2007,20.047134
12/7/2007,19.623821
12/10/2007,19.688951
12/11/2007,19.157116
12/12/2007,19.374187
12/13/2007,19.238518
12/14/2007,19.208443
12/17/2007,18.202362
12/18/2007,18.164087
12/19/2007,19.006136
12/20/2007,19.4545
12/21/2007,19.295929
12/24/2007,19.312334
12/26/2007,19.410757
12/27/2007,19.131889
12/28/2007,18.699934
12/31/2007,18.601515
1/2/2008,18.918646
1/3/2008,19.274059
1/4/2008,19.06628
1/7/2008,19.263115
1/8/2008,18.694471
1/9/2008,19.181108
1/10/2008,19.022535
1/11/2008,18.546833
1/14/2008,18.453884
1/15/2008,17.721199
1/16/2008,17.874296
1/17/2008,17.305645
1/18/2008,17.163483
1/22/2008,16.376118
1/23/2008,16.950237
1/24/2008,17.529821
1/25/2008,17.212688
1/28/2008,17.918043
1/29/2008,17.896166
1/30/2008,17.606367
1/31/2008,18.267979
2/1/2008,18.771017
2/4/2008,18.563238
2/5/2008,17.305645
2/6/2008,17.032249
2/7/2008,17.338446
2/8/2008,17.332983
2/11/2008,17.442333
2/12/2008,17.688387
2/13/2008,17.863363
2/14/2008,18.114885
2/15/2008,18.076609
2/19/2008,18.53043
2/20/2008,18.432011
2/21/2008,18.552301
2/22/2008,18.535906
2/25/2008,18.481226
2/26/2008,18.481226
2/27/2008,18.191427
2/28/2008,18.273447
2/29/2008,18.453884
3/3/2008,18.131285
3/4/2008,17.857893
3/5/2008,18.49762
3/6/2008,17.907097
3/7/2008,17.994589
3/10/2008,18.47028
3/11/2008,19.372482
3/12/2008,19.339676
3/13/2008,19.855358
3/14/2008,19.645777
3/17/2008,19.121809
3/18/2008,19.756083
3/19/2008,18.81846
3/20/2008,18.989443
3/24/2008,19.441704
3/25/2008,19.430677
3/26/2008,19.436186
3/27/2008,19.138365
3/28/2008,19.314854
3/31/2008,19.557528
4/1/2008,19.756083
4/2/2008,19.695414
4/3/2008,20.175249
4/4/2008,20.186281
4/7/2008,20.235912
4/8/2008,20.98601
4/9/2008,20.693697
4/10/2008,20.892244
4/11/2008,20.815039
4/14/2008,20.726791
4/15/2008,20.963947
4/16/2008,21.476873
4/17/2008,21.714041
4/18/2008,21.647858
4/21/2008,21.901562
4/22/2008,21.289358
4/23/2008,20.864679
4/24/2008,21.019104
4/25/2008,21.554098
4/28/2008,21.355539
4/29/2008,21.256268
4/30/2008,22.017376
5/1/2008,22.83918
5/2/2008,23.440348
5/5/2008,22.966026
5/6/2008,22.53583
5/7/2008,22.552382
5/8/2008,21.951202
5/9/2008,21.289358
5/12/2008,21.796764
5/13/2008,22.050476
5/14/2008,21.940166
5/15/2008,22.695776
5/16/2008,22.177328
5/19/2008,21.592701
5/20/2008,21.179049
5/21/2008,20.522717
5/22/2008,20.50617
5/23/2008,19.916029
5/27/2008,19.94912
5/28/2008,20.302107
5/29/2008,20.473076
5/30/2008,21.068737
6/2/2008,20.566845
6/3/2008,20.605448
6/4/2008,20.655087
6/5/2008,20.952923
6/6/2008,20.588911
6/9/2008,20.180767
6/10/2008,19.254177
6/11/2008,18.994957
6/12/2008,18.983929
6/13/2008,19.105267
6/16/2008,19.709354
6/17/2008,19.302923
6/18/2008,19.291784
6/19/2008,19.202705
6/20/2008,19.041239
6/23/2008,18.913193
6/24/2008,18.640368
6/25/2008,18.534588
6/26/2008,17.833065
6/27/2008,17.537985
6/30/2008,17.476744
7/1/2008,17.348682
7/2/2008,17.37096
7/3/2008,17.588091
7/7/2008,17.510145
7/8/2008,17.610361
7/9/2008,17.532412
7/10/2008,17.47117
7/11/2008,16.791922
7/14/2008,16.758514
7/15/2008,16.101536
7/16/2008,16.597055
7/17/2008,17.120413
7/18/2008,16.936682
7/21/2008,17.187222
7/22/2008,17.226198
7/23/2008,17.738422
7/24/2008,17.794088
7/25/2008,18.072477
7/28/2008,18.14485
7/29/2008,19.15259
7/30/2008,19.035671
7/31/2008,18.77956
8/1/2008,18.957729
8/4/2008,18.534588
8/5/2008,18.679346
8/6/2008,18.306314
8/7/2008,17.844198
8/8/2008,18.250637
8/11/2008,18.673775
8/12/2008,18.334148
8/13/2008,17.777393
8/14/2008,17.911009
8/15/2008,17.677166
8/18/2008,17.337551
8/19/2008,17.59923
8/20/2008,17.977823
8/21/2008,18.31745
8/22/2008,17.938854
8/25/2008,17.565825
8/26/2008,17.671608
8/27/2008,17.99453
8/28/2008,18.100313
8/29/2008,18.540154
9/2/2008,18.929888
9/3/2008,19.041239
9/4/2008,18.696045
9/5/2008,18.490047
9/8/2008,18.462204
9/9/2008,18.545727
9/10/2008,18.651503
9/11/2008,19.531187
9/12/2008,19.046806
9/15/2008,18.21723
9/16/2008,17.331984
9/17/2008,15.684183
9/18/2008,16.43856
9/19/2008,16.962114
9/22/2008,16.888926
9/23/2008,17.029671
9/24/2008,16.179594
9/25/2008,17.108488
9/26/2008,16.883299
9/29/2008,15.650403
9/30/2008,16.016342
10/1/2008,16.297813
10/2/2008,15.83618
10/3/2008,14.434402
10/6/2008,14.355586
10/7/2008,13.612473
10/8/2008,10.853951
10/9/2008,11.878547
10/10/2008,11.01158
10/13/2008,12.683586
10/14/2008,12.328917
10/15/2008,10.077062
10/16/2008,11.1861
10/17/2008,10.600618
10/20/2008,10.662542
10/21/2008,10.701952
10/22/2008,9.834985
10/23/2008,9.716764
10/24/2008,9.350838
10/27/2008,8.630244
10/28/2008,9.401505
10/29/2008,10.184023
10/30/2008,11.146693
10/31/2008,10.994697
11/3/2008,11.777214
11/4/2008,12.368326
11/5/2008,10.938396
11/6/2008,10.386694
11/7/2008,11.01158
11/10/2008,11.394395
11/11/2008,11.219875
11/12/2008,10.386694
11/13/2008,12.081213
11/14/2008,10.521806
11/17/2008,10.307874
11/18/2008,10.71321
11/19/2008,10.426098
11/20/2008,9.964468
11/21/2008,10.572472
11/24/2008,11.067879
11/25/2008,10.921507
11/26/2008,11.293062
11/28/2008,11.450699
12/1/2008,11.445063
12/2/2008,11.743435
12/3/2008,11.895433
12/4/2008,12.160029
12/5/2008,12.221953
12/8/2008,13.20714
12/9/2008,12.953812
12/10/2008,13.336617
12/11/2008,12.807434
12/12/2008,12.739884
12/15/2008,12.858102
12/16/2008,13.854314
12/17/2008,13.705705
12/18/2008,13.562823
12/19/2008,13.545677
12/22/2008,13.477095
12/23/2008,13.317056
12/24/2008,13.248476
12/26/2008,12.956979
12/29/2008,12.956979
12/30/2008,13.225611
12/31/2008,13.345638
1/2/2009,13.682845
1/5/2009,13.539953
1/6/2009,13.682845
1/7/2009,12.97984
1/8/2009,13.351351
1/9/2009,13.16274
1/12/2009,13.242757
1/13/2009,13.431364
1/14/2009,12.894111
1/15/2009,12.928401
1/16/2009,12.916971
1/20/2009,12.191108
1/21/2009,12.351143
1/22/2009,11.939625
1/23/2009,12.173959
1/26/2009,11.951057
1/27/2009,12.031075
1/28/2009,12.465449
1/29/2009,11.865326
1/30/2009,11.962492
2/2/2009,11.613848
2/3/2009,11.676713
2/4/2009,11.442385
2/5/2009,11.368082
2/6/2009,11.539541
2/9/2009,11.579551
2/10/2009,11.270915
2/11/2009,10.859405
2/12/2009,10.773668
2/13/2009,10.830826
2/17/2009,10.122108
2/18/2009,10.0478
2/19/2009,10.087817
2/20/2009,9.430533
2/23/2009,9.276216
2/24/2009,9.579141
2/25/2009,9.419105
2/26/2009,9.653435
2/27/2009,9.487689
3/2/2009,9.310508
3/3/2009,9.556275
3/4/2009,9.904917
3/5/2009,9.659151
3/6/2009,9.756319
3/9/2009,9.802041
3/10/2009,10.367873
3/11/2009,10.213556
3/12/2009,10.979427
3/13/2009,10.899413
3/16/2009,11.088021
3/17/2009,11.391329
3/18/2009,11.530245
3/19/2009,11.947
3/20/2009,11.588132
3/23/2009,12.838397
3/24/2009,11.808082
3/25/2009,11.837027
3/26/2009,11.750205
3/27/2009,11.235044
3/30/2009,10.934052
3/31/2009,11.269771
4/1/2009,11.790719
4/2/2009,12.491104
4/3/2009,12.467946
4/6/2009,12.253781
4/7/2009,11.78493
4/8/2009,11.779142
4/9/2009,12.259566
4/13/2009,12.080133
4/14/2009,11.923852
4/15/2009,12.155379
4/16/2009,12.23641
4/17/2009,12.05119
4/20/2009,11.802297
4/21/2009,12.114859
4/22/2009,12.143799
4/23/2009,12.589499
4/24/2009,12.803667
4/27/2009,12.410067
4/28/2009,12.583714
4/29/2009,13.156751
4/30/2009,13.515627
5/1/2009,13.515627
5/4/2009,14.366506
5/5/2009,14.401232
5/6/2009,15.414177
5/7/2009,15.321568
5/8/2009,16.131931
5/11/2009,16.108772
5/12/2009,16.016161
5/13/2009,15.043729
5/14/2009,15.477852
5/15/2009,15.391029
5/18/2009,16.293999
5/19/2009,16.16087
5/20/2009,16.583408
5/21/2009,16.398191
5/22/2009,16.398191
5/26/2009,16.583408
5/27/2009,16.467653
5/28/2009,16.583408
5/29/2009,16.61235
6/1/2009,17.283789
6/2/2009,17.827888
6/3/2009,17.717909
6/4/2009,17.868402
6/5/2009,18.024694
6/8/2009,17.955233
6/9/2009,18.099936
6/10/2009,18.105726
6/11/2009,18.45302
6/12/2009,18.542934
6/15/2009,18.309395
6/16/2009,18.175112
6/17/2009,18.0058
6/18/2009,17.801453
6/19/2009,18.186794
6/22/2009,17.410276
6/23/2009,17.28183
6/24/2009,17.439468
6/25/2009,17.748915
6/26/2009,17.836479
6/29/2009,17.84816
6/30/2009,17.807293
7/1/2009,18.291883
7/2/2009,18.315239
7/6/2009,18.262691
7/7/2009,17.906549
7/8/2009,17.013262
7/9/2009,16.639601
7/10/2009,16.697989
7/13/2009,16.639601
7/14/2009,17.135872
7/15/2009,17.567917
7/16/2009,17.5504
7/17/2009,17.748915
7/20/2009,18.03499
7/21/2009,18.29772
7/22/2009,18.461197
7/23/2009,19.115112
7/24/2009,18.829021
7/27/2009,18.893246
7/28/2009,18.729765
7/29/2009,17.999956
7/30/2009,18.379463
7/31/2009,18.74728
8/3/2009,19.226028
8/4/2009,19.693111
8/5/2009,19.663918
8/6/2009,19.996708
8/7/2009,20.358688
8/10/2009,19.868261
8/11/2009,19.436222
8/12/2009,19.611372
8/13/2009,20.271118
8/14/2009,20.311985
8/17/2009,19.786524
8/18/2009,19.979195
8/19/2009,20.090122
8/20/2009,20.615591
8/21/2009,21.059309
8/24/2009,21.374596
8/25/2009,21.789114
8/26/2009,21.666512
8/27/2009,21.146887
8/28/2009,20.98341
8/31/2009,20.749865
9/1/2009,19.874102
9/2/2009,19.792366
9/3/2009,19.704786
9/4/2009,20.621424
9/8/2009,21.04763
9/9/2009,21.04763
9/10/2009,21.386261
9/11/2009,21.298693
9/14/2009,21.473841
9/15/2009,21.789114
9/16/2009,22.3321
9/17/2009,22.744726
9/18/2009,23.10379
9/21/2009,23.062586
9/22/2009,23.568813
9/23/2009,23.974972
9/24/2009,23.645329
9/25/2009,23.845461
9/28/2009,24.981529
9/29/2009,24.857914
9/30/2009,25.269958
10/1/2009,24.840254
10/2/2009,24.763731
10/5/2009,25.534836
10/6/2009,25.51129
10/7/2009,25.452435
10/8/2009,25.81739
10/9/2009,25.570162
10/12/2009,25.434778
10/13/2009,25.540718
10/14/2009,25.682003
10/15/2009,25.128691
10/16/2009,24.940321
10/19/2009,25.340595
10/20/2009,25.122793
10/21/2009,24.869677
10/22/2009,25.093359
10/23/2009,25.069818
10/26/2009,24.657782
10/27/2009,23.886671
10/28/2009,22.656443
10/29/2009,23.933758
10/30/2009,23.298029
11/2/2009,23.080248
11/3/2009,23.427538
11/4/2009,23.910217
11/5/2009,24.310488
11/6/2009,24.328144
11/9/2009,24.79904
11/10/2009,25.128691
11/11/2009,24.787279
11/12/2009,24.622459
11/13/2009,24.92267
11/16/2009,25.22286
11/17/2009,25.764408
11/18/2009,25.77029
11/19/2009,25.422998
11/20/2009,25.287613
11/23/2009,25.317049
11/24/2009,25.405344
11/25/2009,25.676107
11/27/2009,25.287613
11/30/2009,25.252295
12/1/2009,25.823269
12/2/2009,26.782738
12/3/2009,26.729765
12/4/2009,26.829826
12/7/2009,26.676775
12/8/2009,26.523746
12/9/2009,26.58849
12/10/2009,26.317738
12/11/2009,26.782738
12/14/2009,27.071157
12/15/2009,27.442007
12/16/2009,27.759872
12/17/2009,27.867119
12/18/2009,26.759064
12/21/2009,26.759064
12/22/2009,26.670189
12/23/2009,26.468721
12/24/2009,26.753134
12/28/2009,26.682035
12/29/2009,26.581316
12/30/2009,26.640564
12/31/2009,26.966457
1/4/2010,27.138285
1/5/2010,27.517527
1/6/2010,27.19162
1/7/2010,27.161982
1/8/2010,27.144218
1/11/2010,27.588627
1/12/2010,27.007935
1/13/2010,26.699825
1/14/2010,26.812401
1/15/2010,26.670189
1/19/2010,27.588627
1/20/2010,27.197544
1/21/2010,26.545761
1/22/2010,26.314663
1/25/2010,26.439096
1/26/2010,25.970995
1/27/2010,25.834709
1/28/2010,25.775448
1/29/2010,25.538446
2/1/2010,26.379845
2/2/2010,26.569458
2/3/2010,26.142834
2/4/2010,25.271791
2/5/2010,24.424469
2/8/2010,24.448162
2/9/2010,25.301416
2/10/2010,25.633245
2/11/2010,25.970995
2/12/2010,25.85841
2/16/2010,26.397621
2/17/2010,26.379845
2/18/2010,26.930901
2/19/2010,26.954599
2/22/2010,27.090885
2/23/2010,26.563532
2/24/2010,27.173841
2/25/2010,27.221251
2/26/2010,27.481964
3/1/2010,27.594549
3/2/2010,27.713057
3/3/2010,27.511597
3/4/2010,27.333834
3/5/2010,27.458265
3/8/2010,27.576769
3/9/2010,27.327904
3/10/2010,27.434557
3/11/2010,27.730833
3/12/2010,27.547144
3/15/2010,27.529377
3/16/2010,27.458265
3/17/2010,27.772213
3/18/2010,27.825933
3/19/2010,27.229061
3/22/2010,27.28875
3/23/2010,27.354401
3/24/2010,27.133574
3/25/2010,27.133574
3/26/2010,27.115662
3/29/2010,27.246979
3/30/2010,27.241011
3/31/2010,27.252935
4/1/2010,27.563311
4/5/2010,27.897556
4/6/2010,28.052744
4/7/2010,28.709295
4/8/2010,29.049511
4/9/2010,28.637671
4/12/2010,28.524267
4/13/2010,28.703341
4/14/2010,29.198736
4/15/2010,29.216633
4/16/2010,28.721231
4/19/2010,28.297453
4/20/2010,28.667517
4/21/2010,28.404896
4/22/2010,28.54217
4/23/2010,28.601854
4/26/2010,27.915466
4/27/2010,27.455883
4/28/2010,27.330538
4/29/2010,28.010973
4/30/2010,27.897556
5/3/2010,28.291491
5/4/2010,27.587189
5/5/2010,27.246979
5/6/2010,26.124874
5/7/2010,25.683176
5/10/2010,27.00226
5/11/2010,27.808029
5/12/2010,27.867706
5/13/2010,27.802061
5/14/2010,27.491686
5/17/2010,27.987091
5/18/2010,27.455883
5/19/2010,27.151468
5/20/2010,26.405392
5/21/2010,27.17535
5/24/2010,26.805288
5/25/2010,27.044046
5/26/2010,27.241011
5/27/2010,28.404896
5/28/2010,28.54217
6/1/2010,28.751076
6/2/2010,29.365858
6/3/2010,28.936108
6/4/2010,28.679447
6/7/2010,28.375044
6/8/2010,28.715265
6/9/2010,28.858515
6/10/2010,28.906263
6/11/2010,29.580721
6/14/2010,29.777693
6/15/2010,29.723969
6/16/2010,29.83737
6/17/2010,30.584877
6/18/2010,30.464701
6/21/2010,30.86729
6/22/2010,30.765148
6/23/2010,30.650965
6/24/2010,30.356544
6/25/2010,30.668993
6/28/2010,30.512756
6/29/2010,29.996019
6/30/2010,30.122192
7/1/2010,30.687021
7/2/2010,30.873301
7/6/2010,31.408079
7/7/2010,31.552292
7/8/2010,32.501694
7/9/2010,32.778088
7/12/2010,33.138618
7/13/2010,33.577251
7/14/2010,34.057961
7/15/2010,34.23222
7/16/2010,33.324886
7/19/2010,33.739506
7/20/2010,34.544685
7/21/2010,34.118053
7/22/2010,34.821079
7/23/2010,35.836582
7/26/2010,36.85207
7/27/2010,37.885571
7/28/2010,36.052895
7/29/2010,34.935253
7/30/2010,35.229683
8/2/2010,34.640827
8/3/2010,35.391926
8/4/2010,35.42197
8/5/2010,34.130077
8/6/2010,33.847656
8/9/2010,34.033932
8/10/2010,34.039936
8/11/2010,33.499146
8/12/2010,33.643364
8/13/2010,33.697426
8/16/2010,33.979843
8/17/2010,34.484592
8/18/2010,35.037407
8/19/2010,34.935253
8/20/2010,35.037407
8/23/2010,35.391926
8/24/2010,35.800526
8/25/2010,35.728416
8/26/2010,35.800526
8/27/2010,36.948212
8/30/2010,36.707855
8/31/2010,38.594627
9/1/2010,39.453876
9/2/2010,39.417824
9/3/2010,39.165451
9/7/2010,37.891582
9/8/2010,38.143963
9/9/2010,38.396339
9/10/2010,37.939648
9/13/2010,38.654716
9/14/2010,38.666725
9/15/2010,38.810936
9/16/2010,38.516521
9/17/2010,38.24107
9/20/2010,38.802807
9/21/2010,38.222946
9/22/2010,37.902805
9/23/2010,37.709522
9/24/2010,38.361877
9/27/2010,38.18671
9/28/2010,39.908199
9/29/2010,40.041077
9/30/2010,39.642418
10/1/2010,39.751137
10/4/2010,39.690746
10/5/2010,40.451817
10/6/2010,40.167923
10/7/2010,39.980671
10/8/2010,39.86591
10/11/2010,39.884037
10/12/2010,39.908199
10/13/2010,40.663235
10/14/2010,39.974636
10/15/2010,39.751137
10/18/2010,40.518265
10/19/2010,39.829662
10/20/2010,40.228313
10/21/2010,40.343102
10/22/2010,40.089409
10/25/2010,40.228313
10/26/2010,39.491417
10/27/2010,38.875317
10/28/2010,39.884037
10/29/2010,40.741753
11/1/2010,41.182693
11/2/2010,40.916916
11/3/2010,40.910877
11/4/2010,41.520962
11/5/2010,41.152496
11/8/2010,40.856514
11/9/2010,39.902153
11/10/2010,39.503479
11/11/2010,39.443092
11/12/2010,38.216915
11/15/2010,38.820938
11/16/2010,37.081345
11/17/2010,37.806175
11/18/2010,37.981342
11/19/2010,37.528336
11/22/2010,37.486034
11/23/2010,36.57999
11/24/2010,37.661201
11/26/2010,36.634361
11/29/2010,37.039059
11/30/2010,37.268597
12/1/2010,38.386036
12/2/2010,38.609528
12/3/2010,38.863213
12/6/2010,39.092754
12/7/2010,38.591389
12/8/2010,38.754494
12/9/2010,37.933025
12/10/2010,38.887383
12/13/2010,38.935703
12/14/2010,37.782017
12/15/2010,37.685375
12/16/2010,37.679325
12/17/2010,36.764763
12/20/2010,36.212128
12/21/2010,36.139248
12/22/2010,36.661537
12/23/2010,36.776894
12/27/2010,36.807278
12/28/2010,36.260731
12/29/2010,37.317398
12/30/2010,37.712112
12/31/2010,37.596745
1/3/2011,37.614956
1/4/2011,37.159485
1/5/2011,37.323456
1/6/2011,36.983376
1/7/2011,35.90242
1/10/2011,34.7911
1/11/2011,35.04615
1/12/2011,36.297153
1/13/2011,36.017818
1/14/2011,36.139248
1/18/2011,35.568413
1/19/2011,34.918629
1/20/2011,34.748592
1/21/2011,35.51376
1/24/2011,35.987434
1/25/2011,36.916576
1/26/2011,36.455048
1/27/2011,35.975304
1/28/2011,34.997566
1/31/2011,35.489471
2/1/2011,36.042099
2/2/2011,35.343731
2/3/2011,35.052238
2/4/2011,34.621056
2/7/2011,34.22633
2/8/2011,34.050213
2/9/2011,34.256691
2/10/2011,33.667629
2/11/2011,33.953053
2/14/2011,33.558319
2/15/2011,33.036076
2/16/2011,33.175732
2/17/2011,33.436867
2/18/2011,33.224312
2/22/2011,33.048195
2/23/2011,33.467228
2/24/2011,33.449013
2/25/2011,33.764801
2/28/2011,34.572479
3/1/2011,35.040089
3/2/2011,35.027935
3/3/2011,36.036018
3/4/2011,35.890274
3/7/2011,35.829544
3/8/2011,35.544132
3/9/2011,36.752621
3/10/2011,36.078537
3/11/2011,35.823479
3/14/2011,35.969223
3/15/2011,35.471256
3/16/2011,35.440895
3/17/2011,37.199764
3/18/2011,37.493019
3/21/2011,37.6091
3/22/2011,38.421635
3/23/2011,38.476612
3/24/2011,38.067299
3/25/2011,37.364723
3/28/2011,37.040932
3/29/2011,37.596874
3/30/2011,38.262798
3/31/2011,38.281116
4/1/2011,39.539646
4/4/2011,39.228073
4/5/2011,39.564095
4/6/2011,39.50909
4/7/2011,40.077267
4/8/2011,39.52132
4/11/2011,39.166981
4/12/2011,37.774044
4/13/2011,37.865681
4/14/2011,37.890137
4/15/2011,38.177254
4/18/2011,38.336102
4/19/2011,37.957336
4/20/2011,39.111996
4/21/2011,39.179199
4/25/2011,39.057007
4/26/2011,39.52132
4/27/2011,39.912312
4/28/2011,39.918419
4/29/2011,40.474377
5/2/2011,39.276951
5/3/2011,38.879841
5/4/2011,39.25861
5/5/2011,38.623249
5/6/2011,38.384979
5/9/2011,39.221954
5/10/2011,39.814556
5/11/2011,39.393028
5/12/2011,39.460224
5/13/2011,39.649616
5/16/2011,39.276951
5/17/2011,39.839012
5/18/2011,39.89399
5/19/2011,39.649616
5/20/2011,39.637394
5/23/2011,39.30138
5/24/2011,39.319717
5/25/2011,39.081451
5/26/2011,39.637394
5/27/2011,39.771801
5/31/2011,40.71875
6/1/2011,40.700436
6/2/2011,40.78595
6/3/2011,40.71875
6/6/2011,39.032558
6/7/2011,40.321644
6/8/2011,40.645435
6/9/2011,40.706528
6/10/2011,40.938683
6/13/2011,40.749298
6/14/2011,40.584339
6/15/2011,39.961208
6/16/2011,39.721001
6/17/2011,40.925041
6/20/2011,40.759159
6/21/2011,40.98032
6/22/2011,40.992607
6/23/2011,40.562592
6/24/2011,40.556435
6/27/2011,40.771473
6/28/2011,40.998745
6/29/2011,41.047894
6/30/2011,40.992607
7/1/2011,41.373482
7/5/2011,41.047894
7/6/2011,40.998745
7/7/2011,40.697746
7/8/2011,40.531895
7/11/2011,39.641144
7/12/2011,39.469131
7/13/2011,39.745575
7/14/2011,39.487556
7/15/2011,39.284847
7/18/2011,39.432278
7/19/2011,39.985157
7/20/2011,40.679321
7/21/2011,40.845177
7/22/2011,40.587173
7/25/2011,40.796024
7/26/2011,40.458172
7/27/2011,40.18174
7/28/2011,40.587173
7/29/2011,40.728458
8/1/2011,41.035614
8/2/2011,40.151016
8/3/2011,40.046577
8/4/2011,38.129963
8/5/2011,37.792068
8/8/2011,34.966274
8/9/2011,37.435772
8/10/2011,36.39146
8/11/2011,37.521786
8/12/2011,39.008404
8/15/2011,40.335304
8/16/2011,39.831566
8/17/2011,40.249294
8/18/2011,38.019371
8/19/2011,36.858326
8/22/2011,37.294483
8/23/2011,37.951805
8/24/2011,38.437088
8/25/2011,37.749084
8/26/2011,37.761364
8/29/2011,39.192692
8/30/2011,39.536705
8/31/2011,40.409023
9/1/2011,40.611752
9/2/2011,39.739433
9/6/2011,39.118961
9/7/2011,40.249294
9/8/2011,40.151016
9/9/2011,39.450706
9/12/2011,38.492401
9/13/2011,38.332676
9/14/2011,38.541527
9/15/2011,39.131275
9/16/2011,40.452015
9/19/2011,39.290356
9/20/2011,38.820995
9/21/2011,37.12265
9/22/2011,35.980137
9/23/2011,35.140224
9/26/2011,34.670864
9/27/2011,35.652817
9/28/2011,34.584408
9/29/2011,35.473721
9/30/2011,34.399136
10/3/2011,33.781555
10/4/2011,34.448536
10/5/2011,34.936428
10/6/2011,35.560173
10/7/2011,35.016705
10/10/2011,35.776325
10/11/2011,35.992489
10/12/2011,36.591537
10/13/2011,36.548298
10/14/2011,37.042374
10/17/2011,37.036194
10/18/2011,37.227631
10/19/2011,37.023849
10/20/2011,36.573009
10/21/2011,37.567318
10/24/2011,38.098427
10/25/2011,37.709351
10/26/2011,37.950211
10/27/2011,39.74118
10/28/2011,39.56826
10/31/2011,38.524559
11/1/2011,37.783466
11/2/2011,37.783466
11/3/2011,38.086079
11/4/2011,37.369682
11/7/2011,37.159706
11/8/2011,38.073727
11/9/2011,37.388222
11/10/2011,36.38773
11/11/2011,36.72123
11/14/2011,36.610062
11/15/2011,36.62241
11/16/2011,36.313637
11/17/2011,36.313637
11/18/2011,35.856613
11/21/2011,34.992016
11/22/2011,35.208168
11/23/2011,33.756859
11/25/2011,33.769203
11/28/2011,34.837624
11/29/2011,34.615276
11/30/2011,35.671337
12/1/2011,35.875141
12/2/2011,35.838093
12/5/2011,36.011009
12/6/2011,35.442837
12/7/2011,35.566357
12/8/2011,35.220505
12/9/2011,36.678005
12/12/2011,36.634758
12/13/2011,36.474205
12/14/2011,36.344505
12/15/2011,36.054245
12/16/2011,36.820038
12/19/2011,36.674046
12/20/2011,37.425789
12/21/2011,37.848244
12/22/2011,38.009789
12/23/2011,38.189964
12/27/2011,36.773464
12/28/2011,36.257797
12/29/2011,36.62434
12/30/2011,37.003323
1/3/2012,37.43821
1/4/2012,37.637039
1/5/2012,37.382298
1/6/2012,35.735909
1/9/2012,35.934711
1/10/2012,36.400677
1/11/2012,36.841785
1/12/2012,36.282635
1/13/2012,36.170807
1/17/2012,35.704849
1/18/2012,35.897446
1/19/2012,36.164604
1/20/2012,36.046547
1/23/2012,36.13974
1/24/2012,36.096256
1/25/2012,36.13974
1/26/2012,36.090034
1/27/2012,35.978214
1/30/2012,37.848244
1/31/2012,38.525444
2/1/2012,37.432011
2/2/2012,37.630806
2/3/2012,38.81123
2/6/2012,38.792595
2/7/2012,38.763405
2/8/2012,39.465576
2/9/2012,39.229443
2/10/2012,39.049232
2/13/2012,39.459366
2/14/2012,39.347527
2/15/2012,38.96225
2/16/2012,39.235657
2/17/2012,39.956505
2/21/2012,39.782486
2/22/2012,40.074558
2/23/2012,40.068348
2/24/2012,40.08078
2/27/2012,39.869499
2/28/2012,40.068348
2/29/2012,39.707932
3/1/2012,40.279633
3/2/2012,39.888149
3/5/2012,39.770073
3/6/2012,38.763405
3/7/2012,39.397236
3/8/2012,40.155354
3/9/2012,40.118057
3/12/2012,39.658215
3/13/2012,40.776752
3/14/2012,40.845116
3/15/2012,40.807823
3/16/2012,40.292053
3/19/2012,40.397686
3/20/2012,40.341766
3/21/2012,40.304474
3/22/2012,40.323124
3/23/2012,40.385258
3/26/2012,40.882389
3/27/2012,40.928032
3/28/2012,40.440357
3/29/2012,39.958916
3/30/2012,40.427845
4/2/2012,40.821747
4/3/2012,41.221905
4/4/2012,40.471607
4/5/2012,40.884274
4/9/2012,40.459099
4/10/2012,40.177757
4/11/2012,40.959293
4/12/2012,41.121845
4/13/2012,40.690449
4/16/2012,41.271908
4/17/2012,41.359455
4/18/2012,41.071823
4/19/2012,41.240673
4/20/2012,41.490742
4/23/2012,41.353191
4/24/2012,41.121845
4/25/2012,41.797115
4/26/2012,41.834633
4/27/2012,42.209782
4/30/2012,42.409855
5/1/2012,43.172634
5/2/2012,43.185139
5/3/2012,43.29768
5/4/2012,43.141369
5/7/2012,43.241405
5/8/2012,42.447353
5/9/2012,42.709953
5/10/2012,41.728325
5/11/2012,40.521618
5/14/2012,39.65255
5/15/2012,39.039818
5/16/2012,39.396191
5/17/2012,38.789726
5/18/2012,37.883121
5/21/2012,38.414581
5/22/2012,38.151974
5/23/2012,38.064445
5/24/2012,38.03944
5/25/2012,37.676804
5/29/2012,38.083218
5/30/2012,37.614269
5/31/2012,37.020309
6/1/2012,36.845242
6/4/2012,36.682682
6/5/2012,37.32666
6/6/2012,38.352051
6/7/2012,38.964779
6/8/2012,38.277039
6/11/2012,37.708046
6/12/2012,38.176991
6/13/2012,38.289543
6/14/2012,37.964413
6/15/2012,38.470852
6/18/2012,39.177376
6/19/2012,39.289913
6/20/2012,39.283649
6/21/2012,38.18951
6/22/2012,37.939396
6/25/2012,37.245373
6/26/2012,37.353024
6/27/2012,38.183922
6/28/2012,37.837711
6/29/2012,38.926712
7/2/2012,40.487801
7/3/2012,40.695538
7/5/2012,40.179367
7/6/2012,39.996819
7/9/2012,40.2612
7/10/2012,39.354755
7/11/2012,39.524715
7/12/2012,39.128139
7/13/2012,39.436592
7/16/2012,38.8134
7/17/2012,39.033737
7/18/2012,39.5373
7/19/2012,39.71986
7/20/2012,39.077785
7/23/2012,38.64975
7/24/2012,38.341316
7/25/2012,38.039146
7/26/2012,38.265762
7/27/2012,39.178497
7/30/2012,39.254047
7/31/2012,38.926712
8/1/2012,38.517544
8/2/2012,36.597656
8/3/2012,35.634567
8/6/2012,35.470894
8/7/2012,34.595917
8/8/2012,34.891781
8/9/2012,36.377346
8/10/2012,36.471771
8/13/2012,36.163315
8/14/2012,36.175915
8/15/2012,36.471771
8/16/2012,36.377346
8/17/2012,36.226265
8/20/2012,35.842281
8/21/2012,36.377346
8/22/2012,36.547295
8/23/2012,36.786499
8/24/2012,36.710964
8/27/2012,36.503231
8/28/2012,36.767624
8/29/2012,36.295513
8/30/2012,36.094082
8/31/2012,36.169613
9/4/2012,35.880058
9/5/2012,35.999653
9/6/2012,36.943871
9/7/2012,37.227139
9/10/2012,36.893513
9/11/2012,37.176769
9/12/2012,37.598522
9/13/2012,38.209114
9/14/2012,38.265762
9/17/2012,38.007664
9/18/2012,37.743301
9/19/2012,37.951031
9/20/2012,37.806252
9/21/2012,37.969913
9/24/2012,37.793671
9/25/2012,37.826611
9/26/2012,37.636501
9/27/2012,37.788597
9/28/2012,37.839287
10/1/2012,37.680859
10/2/2012,37.845623
10/3/2012,37.655506
10/4/2012,37.940681
10/5/2012,38.213173
10/8/2012,38.276558
10/9/2012,38.124447
10/10/2012,38.263863
10/11/2012,38.403301
10/12/2012,38.422318
10/15/2012,38.422318
10/16/2012,38.466671
10/17/2012,39.271484
10/18/2012,39.791142
10/19/2012,39.334866
10/22/2012,39.524967
10/23/2012,39.068699
10/24/2012,39.157413
10/25/2012,39.791142
10/26/2012,39.613701
10/31/2012,40.57061
11/1/2012,40.196709
11/2/2012,39.898869
11/5/2012,40.152367
11/6/2012,40.424862
11/7/2012,40.247406
11/8/2012,39.670734
11/9/2012,39.905209
11/12/2012,40.184044
11/13/2012,39.486961
11/14/2012,39.252483
11/15/2012,39.353867
11/16/2012,39.556664
11/19/2012,39.835499
11/20/2012,39.981251
11/21/2012,39.911549
11/23/2012,40.019279
11/26/2012,40.241074
11/27/2012,39.740433
11/28/2012,39.968582
11/29/2012,40.12701
11/30/2012,40.729038
12/3/2012,40.405842
12/4/2012,41.090256
12/5/2012,41.888737
12/6/2012,42.047161
12/7/2012,41.774689
12/10/2012,41.825371
12/11/2012,41.590897
12/12/2012,41.793686
12/13/2012,41.755669
12/14/2012,41.774689
12/17/2012,42.072525
12/18/2012,41.97113
12/19/2012,41.844379
12/20/2012,42.015495
12/21/2012,42.446419
12/24/2012,42.359715
12/26/2012,42.104733
12/27/2012,42.372471
12/28/2012,42.34697
12/31/2012,42.442589
1/2/2013,43.188438
1/3/2013,43.896019
1/4/2013,44.131886
1/7/2013,44.335865
1/8/2013,43.730282
1/9/2013,44.163742
1/10/2013,44.609989
1/11/2013,44.32312
1/14/2013,44.877724
1/15/2013,44.820339
1/16/2013,44.49522
1/17/2013,44.648232
1/18/2013,44.718353
1/22/2013,44.616344
1/23/2013,44.552608
1/24/2013,44.348621
1/25/2013,44.609989
1/28/2013,44.163742
1/29/2013,44.559002
1/30/2013,44.399609
1/31/2013,44.310375
2/1/2013,44.941463
2/4/2013,44.163742
2/5/2013,44.291241
2/6/2013,44.297619
2/7/2013,44.163742
2/8/2013,44.6036
2/11/2013,43.111931
2/12/2013,43.590034
2/13/2013,43.692032
2/14/2013,43.940639
2/15/2013,43.762146
2/19/2013,42.423462
2/20/2013,42.487209
2/21/2013,41.964497
2/22/2013,42.46809
2/25/2013,42.436214
2/26/2013,41.868866
2/27/2013,41.645752
2/28/2013,41.397141
3/1/2013,40.632175
3/4/2013,40.625809
3/5/2013,40.664051
3/6/2013,40.82341
3/7/2013,40.887169
3/8/2013,41.384384
3/11/2013,41.779629
3/12/2013,41.639374
3/13/2013,41.097527
3/14/2013,41.358894
3/15/2013,40.766048
3/18/2013,40.702297
3/19/2013,40.523804
3/20/2013,40.447308
3/21/2013,40.111073
3/22/2013,39.880077
3/25/2013,39.501488
3/26/2013,40.342087
3/27/2013,40.175247
3/28/2013,40.585918
4/1/2013,40.290752
4/2/2013,40.470417
4/3/2013,40.098248
4/4/2013,40.117496
4/5/2013,40.810513
4/8/2013,40.810513
4/9/2013,41.535595
4/10/2013,41.850018
4/11/2013,42.530186
4/12/2013,42.748363
4/15/2013,41.394424
4/16/2013,41.663929
4/17/2013,41.420101
4/18/2013,41.87569
4/19/2013,42.703449
4/22/2013,42.697021
4/23/2013,42.510929
4/24/2013,42.748363
4/25/2013,42.838203
4/26/2013,43.313038
4/29/2013,43.447788
4/30/2013,43.486282
5/1/2013,43.511948
5/2/2013,43.236023
5/3/2013,42.780437
5/6/2013,43.441372
5/7/2013,43.556866
5/8/2013,42.113106
5/9/2013,41.612591
5/10/2013,40.528175
5/13/2013,40.682175
5/14/2013,41.298176
5/15/2013,40.694996
5/16/2013,40.483246
5/17/2013,40.727085
5/20/2013,40.650089
5/21/2013,40.694996
5/22/2013,40.271496
5/23/2013,40.451183
5/24/2013,39.931412
5/28/2013,39.815907
5/29/2013,39.392406
5/30/2013,39.5849
5/31/2013,37.152962
6/3/2013,37.416054
6/4/2013,37.929394
6/5/2013,37.717632
6/6/2013,37.730469
6/7/2013,38.012806
6/10/2013,37.550797
6/11/2013,37.345463
6/12/2013,36.928379
6/13/2013,36.921955
6/14/2013,36.774372
6/17/2013,37.018215
6/18/2013,36.947617
6/19/2013,36.658867
6/20/2013,35.606533
6/21/2013,35.118847
6/24/2013,34.644016
6/25/2013,35.337173
6/26/2013,36.12603
6/27/2013,36.138985
6/28/2013,36.533401
7/1/2013,35.763939
7/2/2013,35.867393
7/3/2013,35.453564
7/5/2013,35.692822
7/8/2013,35.479431
7/9/2013,35.472961
7/10/2013,34.406063
7/11/2013,34.51598
7/12/2013,34.742298
7/15/2013,35.692822
7/16/2013,35.880333
7/17/2013,36.339424
7/18/2013,36.746777
7/19/2013,36.869633
7/22/2013,36.565723
7/23/2013,37.406326
7/24/2013,37.496841
7/25/2013,37.897743
7/26/2013,38.007664
7/29/2013,37.988274
7/30/2013,37.82016
7/31/2013,37.147678
8/1/2013,37.639111
8/2/2013,38.233994
8/5/2013,38.175781
8/6/2013,37.348133
8/7/2013,37.108891
8/8/2013,37.684372
8/9/2013,38.08527
8/12/2013,38.305119
8/13/2013,38.305119
8/14/2013,38.731876
8/15/2013,38.072338
8/16/2013,37.328728
8/19/2013,36.960163
8/20/2013,36.856705
8/21/2013,36.811447
8/22/2013,36.966633
8/23/2013,37.057156
8/26/2013,36.856705
8/27/2013,36.604542
8/28/2013,36.572197
8/29/2013,36.442883
8/30/2013,35.608757
9/3/2013,35.421234
9/4/2013,35.472961
9/5/2013,36.048443
9/6/2013,36.171303
9/9/2013,36.514004
9/10/2013,36.817905
9/11/2013,37.147678
9/12/2013,36.216564
9/13/2013,36.307095
9/16/2013,36.591599
9/17/2013,37.07655
9/18/2013,37.645561
9/19/2013,37.613235
9/20/2013,36.856705
9/23/2013,37.354595
9/24/2013,37.503304
9/25/2013,37.482475
9/26/2013,37.228561
9/27/2013,37.326229
9/30/2013,37.462952
10/1/2013,37.671299
10/2/2013,37.80151
10/3/2013,37.664787
10/4/2013,37.677803
10/7/2013,37.658279
10/8/2013,37.430389
10/9/2013,37.436905
10/10/2013,37.814529
10/11/2013,37.944752
10/14/2013,38.074944
10/15/2013,37.768959
10/16/2013,37.475975
10/17/2013,37.51503
10/18/2013,37.313194
10/21/2013,36.818375
10/22/2013,36.850929
10/23/2013,36.636078
10/24/2013,36.733738
10/25/2013,37.085316
10/28/2013,37.020214
10/29/2013,37.117874
10/30/2013,37.163452
10/31/2013,36.54493
11/1/2013,36.557953
11/4/2013,35.620396
11/5/2013,35.724575
11/6/2013,35.294868
11/7/2013,34.774006
11/8/2013,34.422417
11/11/2013,33.960152
11/12/2013,33.869003
11/13/2013,34.318245
11/14/2013,34.604721
11/15/2013,34.689373
11/18/2013,35.158134
11/19/2013,34.708897
11/20/2013,34.350803
11/21/2013,34.083855
11/22/2013,33.940617
11/25/2013,33.556496
11/26/2013,32.579876
11/27/2013,32.521271
11/29/2013,33.029106
12/2/2013,32.338974
12/3/2013,32.065529
12/4/2013,31.733469
12/5/2013,31.85718
12/6/2013,32.286884
12/9/2013,32.371532
12/10/2013,32.091568
12/11/2013,31.733469
12/12/2013,31.655342
12/13/2013,31.772541
12/16/2013,32.052505
12/17/2013,32.098076
12/18/2013,31.69441
12/19/2013,31.505594
12/20/2013,31.70743
12/23/2013,31.655342
12/24/2013,31.562805
12/26/2013,31.720327
12/27/2013,31.890966
12/30/2013,32.015659
12/31/2013,32.173199
1/2/2014,31.694071
1/3/2014,31.641554
1/6/2014,32.356956
1/7/2014,32.95422
1/8/2014,32.711376
1/9/2014,31.615318
1/10/2014,31.634995
1/13/2014,31.477482
1/14/2014,31.241203
1/15/2014,31.628433
1/16/2014,31.359341
1/17/2014,31.234638
1/21/2014,31.175562
1/22/2014,31.293695
1/23/2014,30.598
1/24/2014,30.053249
1/27/2014,30.269836
1/28/2014,29.987619
1/29/2014,29.606947
1/30/2014,29.186895
1/31/2014,28.839045
2/3/2014,28.366484
2/4/2014,28.773411
2/5/2014,28.451805
2/6/2014,29.80385
2/7/2014,30.643942
2/10/2014,30.013876
2/11/2014,30.729263
2/12/2014,30.296099
2/13/2014,30.374853
2/14/2014,30.676756
2/18/2014,29.908854
2/19/2014,29.895731
2/20/2014,29.856358
2/21/2014,30.407665
2/24/2014,31.733448
2/25/2014,31.451227
2/26/2014,31.418421
2/27/2014,32.383213
2/28/2014,33.14455
3/3/2014,32.993603
3/4/2014,33.735241
3/5/2014,33.761494
3/6/2014,34.988827
3/7/2014,34.02404
3/10/2014,33.964966
3/11/2014,33.814003
3/12/2014,34.207794
3/13/2014,33.919022
3/14/2014,34.293133
3/17/2014,34.49659
3/18/2014,34.601608
3/19/2014,34.417831
3/20/2014,35.27779
3/21/2014,35.487846
3/24/2014,35.107098
3/25/2014,35.20557
3/26/2014,35.409077
3/27/2014,36.255974
3/28/2014,36.467537
3/31/2014,37.340214
4/1/2014,37.174919
4/2/2014,36.718758
4/3/2014,37.326996
4/4/2014,37.386486
4/7/2014,37.439381
4/8/2014,37.637711
4/9/2014,37.029484
4/10/2014,37.545151
4/11/2014,37.512104
4/14/2014,37.624496
4/15/2014,36.758423
4/16/2014,37.227825
4/17/2014,37.677387
4/21/2014,37.591438
4/22/2014,37.37989
4/23/2014,37.24765
4/24/2014,36.315468
4/25/2014,36.586536
4/28/2014,37.08897
4/29/2014,37.254269
4/30/2014,37.637711
5/1/2014,37.928612
5/2/2014,37.545151
5/5/2014,37.485661
5/6/2014,37.650948
5/7/2014,37.584827
5/8/2014,38.027794
5/9/2014,37.776546
5/12/2014,37.750114
5/13/2014,37.307159
5/14/2014,36.983204
5/15/2014,36.209694
5/16/2014,36.229527
5/19/2014,35.892349
5/20/2014,35.429577
5/21/2014,35.879131
5/22/2014,36.47414
5/23/2014,37.009651
5/27/2014,36.057621
5/28/2014,36.150188
5/29/2014,36.408031
5/30/2014,36.844364
6/2/2014,38.133564
6/3/2014,38.041
6/4/2014,37.479034
6/5/2014,37.769932
6/6/2014,38.100502
6/9/2014,38.490566
6/10/2014,38.986412
6/11/2014,38.887238
6/12/2014,38.959972
6/13/2014,38.907078
6/16/2014,39.231026
6/17/2014,39.078968
6/18/2014,39.204567
6/19/2014,39.026089
6/20/2014,39.151699
6/23/2014,39.270691
6/24/2014,38.770096
6/25/2014,38.956482
6/26/2014,38.470524
6/27/2014,39.049683
6/30/2014,38.477173
7/1/2014,38.97646
7/2/2014,39.169506
7/3/2014,39.455761
7/7/2014,39.375874
7/8/2014,39.462395
7/9/2014,39.395844
7/10/2014,39.202789
7/11/2014,39.276016
7/14/2014,39.56892
7/15/2014,40.161396
7/16/2014,40.294533
7/17/2014,40.341125
7/18/2014,40.394379
7/21/2014,40.70726
7/22/2014,40.780487
7/23/2014,41.446175
7/24/2014,41.832283
7/25/2014,41.872231
7/28/2014,43.037197
7/29/2014,42.444717
7/30/2014,42.031994
7/31/2014,41.54604
8/1/2014,41.932144
8/4/2014,42.484669
8/5/2014,42.131855
8/6/2014,41.719112
8/7/2014,42.09856
8/8/2014,41.918835
8/11/2014,42.324894
8/12/2014,42.884083
8/13/2014,43.02388
8/14/2014,43.35672
8/15/2014,43.270184
8/18/2014,43.855984
8/19/2014,42.824169
8/20/2014,42.404778
8/21/2014,42.458035
8/22/2014,42.031994
8/25/2014,41.918835
8/26/2014,41.366299
8/27/2014,41.432873
8/28/2014,41.479462
8/29/2014,42.125198
9/2/2014,42.364841
9/3/2014,42.830822
9/4/2014,42.018677
9/5/2014,41.918835
9/8/2014,40.893654
9/9/2014,39.189468
9/10/2014,39.642147
9/11/2014,39.22942
9/12/2014,39.242729
9/15/2014,39.315948
9/16/2014,39.52898
9/17/2014,39.276016
9/18/2014,39.555603
9/19/2014,39.895111
9/22/2014,39.555603
9/23/2014,38.710178
9/24/2014,38.643608
9/25/2014,37.653316
9/26/2014,38.417664
9/29/2014,37.914795
9/30/2014,38.02879
10/1/2014,37.599693
10/2/2014,37.27787
10/3/2014,38.08913
10/6/2014,38.384129
10/7/2014,38.397537
10/8/2014,38.719372
10/9/2014,38.612087
10/10/2014,38.08242
10/13/2014,37.914795
10/14/2014,37.921528
10/15/2014,36.614105
10/16/2014,36.84877
10/17/2014,37.546055
10/20/2014,37.646618
10/21/2014,37.841057
10/22/2014,37.123653
10/23/2014,37.190704
10/24/2014,36.728077
10/27/2014,36.661041
10/28/2014,37.3382
10/29/2014,37.358322
10/30/2014,37.713665
10/31/2014,37.928215
11/3/2014,36.84877
11/4/2014,37.31139
11/5/2014,37.73378
11/6/2014,37.968441
11/7/2014,37.854473
11/10/2014,38.102531
11/11/2014,38.048897
11/12/2014,38.122658
11/13/2014,37.653316
11/14/2014,37.351608
11/17/2014,37.217525
11/18/2014,37.264465
11/19/2014,37.371731
11/20/2014,37.418659
11/21/2014,38.001965
11/24/2014,37.398552
11/25/2014,37.056606
11/26/2014,36.922516
11/28/2014,34.663059
12/1/2014,34.113281
12/2/2014,34.079746
12/3/2014,34.569195
12/4/2014,33.483036
12/5/2014,33.355637
12/8/2014,32.886322
12/9/2014,32.745518
12/10/2014,31.585619
12/11/2014,30.338556
12/12/2014,29.520586
12/15/2014,29.145119
12/16/2014,29.265812
12/17/2014,31.062656
12/18/2014,32.631535
12/19/2014,32.946655
12/22/2014,33.208138
12/23/2014,33.194733
12/24/2014,33.053932
12/26/2014,32.275887
12/29/2014,32.140926
12/30/2014,32.221905
12/31/2014,32.309635
1/2/2015,32.323116
1/5/2015,30.838551
1/6/2015,30.980263
1/7/2015,31.0005
1/8/2015,30.676603
1/9/2015,30.690094
1/12/2015,30.757582
1/13/2015,30.96002
1/14/2015,30.42017
1/15/2015,30.636112
1/16/2015,30.939772
1/20/2015,31.209702
1/21/2015,31.250183
1/22/2015,31.466125
1/23/2015,31.628069
1/26/2015,32.16116
1/27/2015,32.397354
1/28/2015,32.33662
1/29/2015,31.924984
1/30/2015,31.223192
2/2/2015,31.938478
2/3/2015,32.43784
2/4/2015,31.607834
2/5/2015,31.769781
2/6/2015,31.648321
2/9/2015,31.682062
2/10/2015,31.29067
2/11/2015,30.494402
2/12/2015,30.197487
2/13/2015,30.29196
2/17/2015,29.745367
2/18/2015,29.684641
2/19/2015,29.387728
2/20/2015,29.131287
2/23/2015,28.665693
2/24/2015,28.294535
2/25/2015,28.294535
2/26/2015,28.078609
2/27/2015,27.734455
3/2/2015,27.187859
3/3/2015,26.904449
3/4/2015,26.884205
3/5/2015,26.60078
3/6/2015,25.379383
3/9/2015,24.839539
3/10/2015,24.731573
3/11/2015,24.913771
3/12/2015,25.291658
3/13/2015,25.379383
3/16/2015,25.82476
3/17/2015,26.148663
3/18/2015,27.066401
3/19/2015,26.904449
3/20/2015,27.005671
3/23/2015,26.384848
3/24/2015,26.249886
3/25/2015,26.546801
3/26/2015,26.28363
3/27/2015,26.101431
3/30/2015,26.290369
3/31/2015,26.540056
4/1/2015,27.557289
4/2/2015,27.965538
4/6/2015,28.319363
4/7/2015,28.237715
4/8/2015,28.176474
4/9/2015,28.217306
4/10/2015,28.128834
4/13/2015,28.033592
4/14/2015,28.387405
4/15/2015,28.6936
4/16/2015,28.918142
4/17/2015,28.598339
4/20/2015,28.523495
4/21/2015,28.503092
4/22/2015,28.986179
4/23/2015,29.72785
4/24/2015,30.442301
4/27/2015,31.156742
4/28/2015,31.374489
4/29/2015,31.646658
4/30/2015,30.802921
5/1/2015,30.571583
5/4/2015,30.721273
5/5/2015,31.333654
5/6/2015,31.360876
5/7/2015,31.007046
5/8/2015,31.129536
5/11/2015,31.020658
5/12/2015,31.109119
5/13/2015,31.129536
5/14/2015,31.272427
5/15/2015,31.013855
5/18/2015,30.898184
5/19/2015,30.598789
5/20/2015,30.551165
5/21/2015,30.081665
5/22/2015,29.530539
5/26/2015,28.469055
5/27/2015,27.985962
5/28/2015,27.822664
5/29/2015,27.713795
6/1/2015,27.257906
6/2/2015,27.734192
6/3/2015,27.393986
6/4/2015,26.951714
6/5/2015,26.904085
6/8/2015,26.74758
6/9/2015,27.135422
6/10/2015,28.054001
6/11/2015,28.707199
6/12/2015,28.795664
6/15/2015,28.836485
6/16/2015,29.578159
6/17/2015,29.598574
6/18/2015,29.775488
6/19/2015,29.60537
6/22/2015,29.775488
6/23/2015,29.870741
6/24/2015,29.452543
6/25/2015,29.356562
6/26/2015,29.281141
6/29/2015,28.828657
6/30/2015,29.479954
7/1/2015,28.712105
7/2/2015,28.506424
7/6/2015,27.635746
7/7/2015,27.532911
7/8/2015,27.35466
7/9/2015,27.423218
7/10/2015,28.485868
7/13/2015,28.067663
7/14/2015,28.293913
7/15/2015,27.724869
7/16/2015,27.704306
7/17/2015,27.560337
7/20/2015,26.970736
7/21/2015,26.504539
7/22/2015,26.237162
7/23/2015,26.305721
7/24/2015,26.141184
7/27/2015,26.086338
7/28/2015,26.353714
7/29/2015,26.627945
7/30/2015,26.463404
7/31/2015,26.463404
8/3/2015,26.004066
8/4/2015,25.962936
8/5/2015,25.969791
8/6/2015,26.22345
8/7/2015,25.640718
8/10/2015,26.292004
8/11/2015,25.798397
8/12/2015,25.579014
8/13/2015,24.866001
8/14/2015,24.434088
8/17/2015,23.981602
8/18/2015,23.721088
8/19/2015,22.672146
8/20/2015,22.178526
8/21/2015,21.252991
8/24/2015,20.498856
8/25/2015,20.635969
8/26/2015,21.177582
8/27/2015,22.281363
8/28/2015,22.99437
8/31/2015,23.652525
9/1/2015,22.541887
9/2/2015,22.73385
9/3/2015,23.350872
9/4/2015,22.624155
9/8/2015,23.131489
9/9/2015,22.583021
9/10/2015,23.344019
9/11/2015,23.15205
9/14/2015,23.522268
9/15/2015,23.542833
9/16/2015,24.365526
9/17/2015,24.13929
9/18/2015,23.296028
9/21/2015,23.172621
9/22/2015,21.904297
9/23/2015,21.150156
9/24/2015,21.924856
9/25/2015,22.034378
9/28/2015,21.798716
9/29/2015,22.055168
9/30/2015,22.31856
10/1/2015,22.561144
10/2/2015,23.198826
10/5/2015,24.377131
10/6/2015,25.5693
10/7/2015,26.449572
10/8/2015,26.983278
10/9/2015,27.191206
10/12/2015,27.191206
10/13/2015,25.479197
10/14/2015,25.971313
10/15/2015,26.040628
10/16/2015,25.971313
10/19/2015,25.631681
10/20/2015,25.798037
10/21/2015,25.437611
10/22/2015,25.610889
10/23/2015,25.645546
10/26/2015,25.5693
10/27/2015,25.070251
10/28/2015,24.106812
10/29/2015,24.051369
10/30/2015,23.995909
11/2/2015,23.670147
11/3/2015,24.134537
11/4/2015,24.099882
11/5/2015,24.196917
11/6/2015,24.17613
11/9/2015,23.656281
11/10/2015,23.663219
11/11/2015,23.20575
11/12/2015,22.408665
11/13/2015,21.368975
11/16/2015,20.759031
11/17/2015,20.752104
11/18/2015,20.814482
11/19/2015,20.65506
11/20/2015,21.161037
11/23/2015,20.980831
11/24/2015,20.606544
11/25/2015,20.100567
11/27/2015,19.96887
11/30/2015,19.643103
12/1/2015,19.809454
12/2/2015,18.797493
12/3/2015,18.506382
12/4/2015,17.903366
12/7/2015,17.161722
12/8/2015,16.683466
12/9/2015,17.314211
12/10/2015,17.314211
12/11/2015,16.92606
12/14/2015,16.662678
12/15/2015,17.411245
12/16/2015,18.776695
12/17/2015,18.686592
12/18/2015,18.416273
12/21/2015,18.090506
12/22/2015,17.972679
12/23/2015,19.372782
12/24/2015,19.761431
12/28/2015,19.383291
12/29/2015,19.348274
12/30/2015,18.690031
12/31/2015,18.732044
1/4/2016,18.479948
1/5/2016,18.802071
1/6/2016,18.052792
1/7/2016,17.695656
1/8/2016,17.856714
1/11/2016,17.590614
1/12/2016,17.989763
1/13/2016,17.989763
1/14/2016,19.068171
1/15/2016,17.891731
1/19/2016,18.150826
1/20/2016,18.14382
1/21/2016,18.865095
1/22/2016,19.908485
1/25/2016,18.63401
1/26/2016,19.012146
1/27/2016,19.159203
1/28/2016,19.824453
1/29/2016,20.65777
2/1/2016,20.335648
2/2/2016,19.670395
2/3/2016,20.580736
2/4/2016,20.615751
2/5/2016,20.790819
2/8/2016,20.440687
2/9/2016,20.090555
2/10/2016,20.16758
2/11/2016,19.614374
2/12/2016,20.545727
2/16/2016,20.244606
2/17/2016,20.909863
2/18/2016,20.720791
2/19/2016,20.580736
2/22/2016,20.95188
2/23/2016,20.699783
2/24/2016,20.349649
2/25/2016,20.720791
2/26/2016,20.741804
2/29/2016,21.063921
3/1/2016,21.449066
3/2/2016,22.128319
3/3/2016,22.660524
3/4/2016,22.821583
3/7/2016,23.710917
3/8/2016,22.793568
3/9/2016,23.360786
3/10/2016,23.1227
3/11/2016,24.026035
3/14/2016,23.444813
3/15/2016,22.800577
3/16/2016,22.639513
3/17/2016,23.577862
3/18/2016,23.654892
3/21/2016,23.234737
3/22/2016,23.598875
3/23/2016,22.975641
3/24/2016,22.044285
3/28/2016,23.448515
3/29/2016,23.187033
3/30/2016,23.844271
3/31/2016,24.15522
4/1/2016,23.646389
4/4/2016,23.914938
4/5/2016,23.54039
4/6/2016,23.780666
4/7/2016,23.420248
4/8/2016,23.7736
4/11/2016,24.338959
4/12/2016,25.681711
4/13/2016,26.473219
4/14/2016,26.225874
4/15/2016,26.225874
4/18/2016,26.225874
4/19/2016,27.328329
4/20/2016,27.780619
4/21/2016,27.377798
4/22/2016,27.349537
4/25/2016,26.876036
4/26/2016,27.059782
4/27/2016,27.307127
4/28/2016,27.71702
4/29/2016,27.342464
5/2/2016,27.03858
5/3/2016,25.992655
5/4/2016,25.349554
5/5/2016,25.038603
5/6/2016,25.01034
5/9/2016,24.47324
5/10/2016,25.618099
5/11/2016,25.808914
5/12/2016,26.070393
5/13/2016,25.759441
5/16/2016,25.519169
5/17/2016,25.448494
5/18/2016,25.342484
5/19/2016,24.826597
5/20/2016,25.052736
5/23/2016,25.130478
5/24/2016,24.664053
5/25/2016,23.851341
5/26/2016,24.15522
5/27/2016,23.45558
5/31/2016,23.010365
6/1/2016,22.967955
6/2/2016,23.328371
6/3/2016,23.964407
6/6/2016,23.695858
6/7/2016,24.13402
6/8/2016,25.09514
6/9/2016,24.87606
6/10/2016,24.056276
6/13/2016,23.759466
6/14/2016,23.490917
6/15/2016,23.823065
6/16/2016,23.745329
6/17/2016,24.105751
6/20/2016,24.437908
6/21/2016,24.289495
6/22/2016,24.819529
6/23/2016,25.674646
6/24/2016,24.296562
6/27/2016,23.413177
6/28/2016,24.310692
6/29/2016,25.059803
6/30/2016,24.888042
7/1/2016,25.066221
7/5/2016,24.175322
7/6/2016,24.082672
7/7/2016,24.025648
7/8/2016,24.602949
7/11/2016,24.745499
7/12/2016,25.080473
7/13/2016,24.96644
7/14/2016,25.215895
7/15/2016,25.344181
7/18/2016,25.265776
7/19/2016,25.201635
7/20/2016,25.664904
7/21/2016,25.18738
7/22/2016,25.25865
7/25/2016,24.389143
7/26/2016,24.039906
7/27/2016,24.10405
7/28/2016,23.904493
7/29/2016,24.346375
8/1/2016,23.88311
8/2/2016,24.032785
8/3/2016,24.36776
8/4/2016,24.382015
8/5/2016,24.959312
8/8/2016,25.201635
8/9/2016,25.743294
8/10/2016,26.106785
8/11/2016,26.819504
8/12/2016,26.498781
8/15/2016,27.047571
8/16/2016,26.88364
8/17/2016,26.840883
8/18/2016,26.962048
8/19/2016,27.753157
8/22/2016,27.738909
8/23/2016,27.460943
8/24/2016,27.439569
8/25/2016,27.959841
8/26/2016,28.102386
8/29/2016,27.867188
8/30/2016,27.831554
8/31/2016,27.988356
9/1/2016,28.009731
9/2/2016,29.150085
9/6/2016,29.599091
9/7/2016,30.076607
9/8/2016,29.983961
9/9/2016,29.135822
9/12/2016,28.971909
9/13/2016,28.059626
9/14/2016,28.052498
9/15/2016,28.423113
9/16/2016,27.175856
9/19/2016,27.41818
9/20/2016,27.019053
9/21/2016,27.318403
9/22/2016,27.610613
9/23/2016,27.275635
9/26/2016,26.840883
9/27/2016,27.132532
9/28/2016,28.123877
9/29/2016,27.800621
9/30/2016,28.044859
10/3/2016,27.118176
10/4/2016,26.715883
10/5/2016,27.125347
10/6/2016,27.333675
10/7/2016,27.412706
10/10/2016,27.664122
10/11/2016,27.649755
10/12/2016,27.714407
10/13/2016,27.678497
10/14/2016,27.606659
10/17/2016,27.254658
10/18/2016,27.994577
10/19/2016,27.965843
10/20/2016,28.123877
10/21/2016,28.008942
10/24/2016,28.02331
10/25/2016,28.044859
10/26/2016,27.700047
10/27/2016,27.621027
10/28/2016,27.556376
10/31/2016,27.498903
11/1/2016,27.520447
11/2/2016,27.175644
11/3/2016,27.233103
11/4/2016,26.967319
11/7/2016,28.123877
11/8/2016,27.922729
11/9/2016,27.082256
11/10/2016,25.271975
11/11/2016,24.647005
11/14/2016,23.713133
11/15/2016,24.891251
11/16/2016,24.611086
11/17/2016,24.366842
11/18/2016,24.187248
11/21/2016,24.201618
11/22/2016,23.677221
11/23/2016,23.806522
11/25/2016,23.713133
11/28/2016,23.540728
11/29/2016,23.339588
11/30/2016,24.06513
12/1/2016,24.56798
12/2/2016,24.797857
12/5/2016,25.329454
12/6/2016,25.57369
12/7/2016,25.731728
12/8/2016,26.119646
12/9/2016,25.674265
12/12/2016,25.839487
12/13/2016,26.442904
12/14/2016,25.861032
12/15/2016,26.636868
12/16/2016,26.557846
12/19/2016,26.040627
12/20/2016,26.033442
12/21/2016,25.87541
12/22/2016,26.105284
12/23/2016,26.062181
12/27/2016,26.131716
12/28/2016,26.073763
12/29/2016,26.385199
12/30/2016,26.566269
1/3/2017,26.950134
1/4/2017,27.051531
1/5/2017,27.558531
1/6/2017,27.667152
1/9/2017,27.804771
1/10/2017,27.710615
1/11/2017,27.739592
1/12/2017,27.775803
1/13/2017,27.507818
1/17/2017,27.565765
1/18/2017,27.406433
1/19/2017,27.18914
1/20/2017,27.50058
1/23/2017,27.471605
1/24/2017,27.348476
1/25/2017,27.703375
1/26/2017,27.703375
1/27/2017,27.551285
1/30/2017,27.362978
1/31/2017,27.42091
2/1/2017,27.52231
2/2/2017,28.014814
2/3/2017,28.261068
2/6/2017,28.174152
2/7/2017,27.819258
2/8/2017,27.305021
2/9/2017,27.471605
2/10/2017,27.573008
2/13/2017,27.486095
2/14/2017,27.19639
2/15/2017,27.536793
2/16/2017,27.804771
2/17/2017,27.370216
2/21/2017,27.181904
2/22/2017,27.312273
2/23/2017,28.188643
2/24/2017,27.210867
2/27/2017,27.58749
2/28/2017,27.051531
3/1/2017,27.283297
3/2/2017,26.587999
3/3/2017,26.805279
3/6/2017,26.747334
3/7/2017,26.964621
3/8/2017,26.551788
3/9/2017,26.341755
3/10/2017,26.689392
3/13/2017,26.964621
3/14/2017,26.204136
3/15/2017,26.827009
3/16/2017,27.261576
3/17/2017,27.471605
3/20/2017,27.869953
3/21/2017,27.92065
3/22/2017,28.152424
3/23/2017,28.217607
3/24/2017,28.514557
3/27/2017,28.529039
3/28/2017,29.246077
3/29/2017,29.318504
3/30/2017,29.453575
3/31/2017,29.110416
4/3/2017,29.541193
4/4/2017,29.731031
4/5/2017,29.665316
4/6/2017,29.490078
4/7/2017,29.365963
4/10/2017,29.665316
4/11/2017,29.628807
4/12/2017,29.417065
4/13/2017,28.562809
4/17/2017,29.511984
4/18/2017,29.19803
4/19/2017,28.387579
4/20/2017,28.774555
4/21/2017,28.650427
4/24/2017,29.052008
4/25/2017,29.117714
4/26/2017,28.876766
4/27/2017,28.416782
4/28/2017,28.832962
5/1/2017,29.307545
5/2/2017,29.022799
5/3/2017,29.081205
5/4/2017,29.052008
5/5/2017,29.555799
5/8/2017,29.92816
5/9/2017,30.117992
5/10/2017,30.979555
5/11/2017,31.490643
5/12/2017,31.534451
5/15/2017,32.301102
5/16/2017,32.680767
5/17/2017,32.060146
5/18/2017,31.665882
5/19/2017,32.688061
5/22/2017,32.344906
5/23/2017,32.330296
5/24/2017,32.366806
5/25/2017,32.147774
5/26/2017,32.264591
5/30/2017,31.914131
5/31/2017,32.133163
6/1/2017,32.374107
6/2/2017,32.337608
6/5/2017,32.717266
6/6/2017,33.184559
6/7/2017,33.272163
6/8/2017,32.768375
6/9/2017,32.527443
6/12/2017,32.520134
6/13/2017,33.104248
6/14/2017,33.206459
6/15/2017,33.199162
6/16/2017,33.462006
6/19/2017,34.301655
6/20/2017,32.892506
6/21/2017,31.286207
6/22/2017,30.921143
6/23/2017,31.052567
6/26/2017,31.271605
6/27/2017,31.534451
6/28/2017,32.746475
6/29/2017,32.585846
6/30/2017,32.756432
7/3/2017,33.065243
7/5/2017,32.712311
7/6/2017,32.477016
7/7/2017,32.278503
7/10/2017,32.396141
7/11/2017,32.734371
7/12/2017,33.557873
7/13/2017,33.535812
7/14/2017,33.204945
7/17/2017,32.778488
7/18/2017,33.006424
7/19/2017,32.359379
7/20/2017,32.307903
7/21/2017,32.079983
7/24/2017,32.013802
7/25/2017,32.293205
7/26/2017,31.94763
7/27/2017,32.212334
7/28/2017,32.352036
7/31/2017,32.160866
8/1/2017,32.602028
8/2/2017,32.602028
8/3/2017,32.499092
8/4/2017,32.337322
8/7/2017,32.131447
8/8/2017,31.991745
8/9/2017,31.329998
8/10/2017,31.234411
8/11/2017,31.969681
8/14/2017,31.93292
8/15/2017,31.3594
8/16/2017,32.572613
8/17/2017,31.624107
8/18/2017,32.38879
8/21/2017,32.535843
8/22/2017,32.432903
8/23/2017,32.852013
8/24/2017,32.381443
8/25/2017,32.932892
8/28/2017,32.403503
8/29/2017,33.065243
8/30/2017,32.418209
8/31/2017,33.388767
9/1/2017,34.881363
9/5/2017,34.903427
9/6/2017,35.54311
9/7/2017,35.256355
9/8/2017,35.226944
9/11/2017,35.462231
9/12/2017,35.263714
9/13/2017,35.16077
9/14/2017,34.851959
9/15/2017,34.903427
9/18/2017,34.815201
9/19/2017,34.704899
9/20/2017,33.903458
9/21/2017,34.175503
9/22/2017,34.866669
9/25/2017,34.249039
9/26/2017,33.918156
9/27/2017,33.975918
9/28/2017,33.827808
9/29/2017,33.909279
10/2/2017,33.983341
10/3/2017,34.190674
10/4/2017,33.83522
10/5/2017,33.961113
10/6/2017,33.516792
10/9/2017,33.005817
10/10/2017,33.042847
10/11/2017,32.850307
10/12/2017,33.028027
10/13/2017,33.176136
10/16/2017,32.161602
10/17/2017,32.620735
10/18/2017,32.724407
10/19/2017,32.494854
10/20/2017,32.206036
10/23/2017,32.043118
10/24/2017,31.598793
10/25/2017,31.458094
10/26/2017,31.524734
10/27/2017,29.30312
10/30/2017,28.162697
10/31/2017,27.955336
11/1/2017,27.947939
11/2/2017,27.785017
11/3/2017,27.39253
11/6/2017,27.607283
11/7/2017,27.792419
11/8/2017,28.258961
11/9/2017,28.762535
11/10/2017,28.607019
11/13/2017,27.651718
11/14/2017,27.851664
11/15/2017,27.977562
11/16/2017,28.273779
11/17/2017,28.666262
11/20/2017,28.769932
11/21/2017,29.073545
11/22/2017,29.251282
11/24/2017,29.325335
11/27/2017,28.62923
11/28/2017,28.836578
11/29/2017,28.777342
11/30/2017,28.592207
12/1/2017,28.503344
12/4/2017,28.355234
12/5/2017,28.370054
12/6/2017,28.940264
12/7/2017,28.866205
12/8/2017,28.873613
12/11/2017,29.458639
12/12/2017,29.11799
12/13/2017,29.206852
12/14/2017,28.666262
12/15/2017,28.407068
12/18/2017,29.325335
12/19/2017,29.525284
12/20/2017,29.406805
12/21/2017,29.777067
12/22/2017,29.579277
12/26/2017,30.004713
12/27/2017,29.728552
12/28/2017,29.885292
12/29/2017,29.601675
1/2/2018,30.474945
1/3/2018,30.639149
1/4/2018,31.490015
1/5/2018,32.161774
1/8/2018,32.258801
1/9/2018,31.482561
1/10/2018,31.512415
1/11/2018,31.452709
1/12/2018,31.833368
1/16/2018,32.437931
1/17/2018,32.781277
1/18/2018,32.848442
1/19/2018,32.385685
1/22/2018,32.221478
1/23/2018,32.236404
1/24/2018,33.729179
1/25/2018,34.288975
1/26/2018,34.736794
1/29/2018,34.162086
1/30/2018,34.169552
1/31/2018,34.29644
2/1/2018,34.863693
2/2/2018,33.460472
2/5/2018,32.505112
2/6/2018,33.01265
2/7/2018,32.908161
2/8/2018,32.191631
2/9/2018,31.848289
2/12/2018,32.8186
2/13/2018,32.617069
2/14/2018,33.602299
2/15/2018,33.385849
2/16/2018,33.684395
2/20/2018,33.617222
2/21/2018,33.45303
2/22/2018,34.177013
2/23/2018,33.945633
2/26/2018,33.348518
2/27/2018,32.587208
2/28/2018,31.482561
3/1/2018,31.154146
3/2/2018,31.497486
3/5/2018,32.012493
3/6/2018,32.452862
3/7/2018,32.579739
3/8/2018,32.624531
3/9/2018,32.840977
3/12/2018,32.691696
3/13/2018,32.064739
3/14/2018,32.057274
3/15/2018,31.990099
3/16/2018,32.400616
3/19/2018,31.945318
3/20/2018,31.863214
3/21/2018,31.95278
3/22/2018,31.340752
3/23/2018,30.930231
3/26/2018,32.193577
3/27/2018,31.576218
3/28/2018,31.312702
3/29/2018,31.636438
4/2/2018,32.472153
4/3/2018,34.023109
4/4/2018,34.602829
4/5/2018,35.205139
4/6/2018,35.062099
4/9/2018,35.656876
4/10/2018,37.155128
4/11/2018,38.2393
4/12/2018,37.644508
4/13/2018,37.320766
4/16/2018,37.094898
4/17/2018,37.621918
4/18/2018,37.644508
4/19/2018,37.599331
4/20/2018,36.97443
4/23/2018,36.43988
4/24/2018,36.131203
4/25/2018,35.385834
4/26/2018,35.626762
4/27/2018,36.229073
4/30/2018,35.88274
5/1/2018,35.626762
5/2/2018,35.574055
5/3/2018,36.078499
5/4/2018,36.138737
5/7/2018,36.176376
5/8/2018,36.093555
5/9/2018,36.146259
5/10/2018,36.281776
5/11/2018,35.814983
5/14/2018,36.22155
5/15/2018,36.138737
5/16/2018,35.197617
5/17/2018,34.120987
5/18/2018,33.917702
5/21/2018,34.068275
5/22/2018,34.58778
5/23/2018,34.301678
5/24/2018,34.000526
5/25/2018,34.474846
5/29/2018,34.851295
5/30/2018,35.077156
5/31/2018,34.919048
6/1/2018,35.574055
6/4/2018,36.108616
6/5/2018,35.777336
6/6/2018,35.656876
6/7/2018,34.956692
6/8/2018,34.821175
6/11/2018,34.964214
6/12/2018,35.453606
6/13/2018,35.837566
6/14/2018,35.378311
6/15/2018,35.047035
6/18/2018,35.837566
6/19/2018,35.114803
6/20/2018,35.054565
6/21/2018,35.190086
6/22/2018,35.415951
6/25/2018,35.355717
6/26/2018,35.656876
6/27/2018,35.400436
6/28/2018,36.341217
6/29/2018,36.250168
7/2/2018,35.961872
7/3/2018,38.11655
7/5/2018,37.82066
7/6/2018,38.245525
7/9/2018,37.479259
7/10/2018,37.562706
7/11/2018,37.388206
7/12/2018,37.373024
7/13/2018,37.289585
7/16/2018,37.130245
7/17/2018,37.046795
7/18/2018,36.758492
7/19/2018,36.242588
7/20/2018,36.250168
7/23/2018,36.106022
7/24/2018,36.08326
7/25/2018,35.984634
7/26/2018,35.703915
7/27/2018,35.931526
7/30/2018,35.817726
7/31/2018,34.831425
8/1/2018,35.301807
8/2/2018,34.45208
8/3/2018,35.582531
8/6/2018,35.081791
8/7/2018,34.717621
8/8/2018,34.839012
8/9/2018,34.854183
8/10/2018,33.996864
8/13/2018,33.374737
8/14/2018,33.397503
8/15/2018,32.92712
8/16/2018,33.928585
8/17/2018,33.784439
8/20/2018,32.980232
8/21/2018,33.822369
8/22/2018,33.799606
8/23/2018,33.094028
8/24/2018,33.784439
8/27/2018,34.467258
8/28/2018,34.110672
8/29/2018,33.465782
8/30/2018,32.980232
8/31/2018,32.89677
9/4/2018,32.244293
9/5/2018,31.804251
9/6/2018,31.78149
9/7/2018,31.386972
9/10/2018,30.522068
9/11/2018,29.755791
9/12/2018,31.060736
9/13/2018,30.537241
9/14/2018,30.468962
9/17/2018,30.780027
9/18/2018,30.954519
9/19/2018,31.485609
9/20/2018,32.312572
9/21/2018,31.895296
9/24/2018,31.735973
9/25/2018,31.902876
9/26/2018,31.447086
9/27/2018,31.79888
9/28/2018,31.905945
10/1/2018,32.418339
10/2/2018,32.494816
10/3/2018,32.655411
10/4/2018,32.410686
10/5/2018,32.288334
10/8/2018,32.158306
10/9/2018,31.882988
10/10/2018,30.590553
10/11/2018,30.537012
10/12/2018,30.720554
10/15/2018,30.751144
10/16/2018,31.745342
10/17/2018,31.278835
10/18/2018,30.32288
10/19/2018,30.062859
10/22/2018,29.925201
10/23/2018,29.688128
10/24/2018,28.999842
10/25/2018,28.365088
10/26/2018,28.319201
10/29/2018,28.663353
10/30/2018,28.158602
10/31/2018,28.250368
11/1/2018,29.649897
11/2/2018,29.772253
11/5/2018,29.734016
11/6/2018,29.848726
11/7/2018,30.911745
11/8/2018,31.202356
11/9/2018,30.949989
11/12/2018,29.864016
11/13/2018,29.833424
11/14/2018,30.628784
11/15/2018,32.234795
11/16/2018,32.686008
11/19/2018,32.135368
11/20/2018,31.508266
11/21/2018,31.890646
11/23/2018,31.148829
11/26/2018,32.013008
11/27/2018,31.148829
11/28/2018,30.942341
11/29/2018,31.248251
11/30/2018,30.598198
12/3/2018,31.898298
12/4/2018,31.760637
12/6/2018,31.577103
12/7/2018,31.25589
12/10/2018,31.018822
12/11/2018,31.477678
12/12/2018,31.454733
12/13/2018,31.110588
12/14/2018,30.789392
12/17/2018,30.238758
12/18/2018,30.131695
12/19/2018,29.535172
12/20/2018,28.388025
12/21/2018,27.799156
12/24/2018,27.692097
12/26/2018,28.885122
12/27/2018,29.227621
12/28/2018,29.212189
12/31/2018,29.389608
1/2/2019,30.338411
1/3/2019,30.153278
1/4/2019,31.456913
1/7/2019,31.387484
1/8/2019,32.035454
1/9/2019,33.231087
1/10/2019,33.416222
1/11/2019,33.539635
1/14/2019,33.632202
1/15/2019,33.562786
1/16/2019,33.763336
1/17/2019,33.524212
1/18/2019,33.925327
1/22/2019,33.72477
1/23/2019,33.562786
1/24/2019,33.670773
1/25/2019,33.616779
1/28/2019,33.439358
1/29/2019,33.501068
1/30/2019,33.624493
1/31/2019,34.403591
2/1/2019,34.712135
2/4/2019,35.869209
2/5/2019,36.116055
2/6/2019,36.07748
2/7/2019,35.792068
2/8/2019,35.606945
2/11/2019,35.144104
2/12/2019,35.012978
2/13/2019,34.642715
2/14/2019,34.951267
2/15/2019,35.174961
2/19/2019,34.881847
2/20/2019,35.367809
2/21/2019,35.522091
2/22/2019,36.663731
2/25/2019,37.180565
2/26/2019,37.381119
2/27/2019,37.411968
2/28/2019,37.288551
3/1/2019,36.987713
3/4/2019,37.23455
3/5/2019,37.56625
3/6/2019,37.774517
3/7/2019,37.458256
3/8/2019,36.548023
3/11/2019,37.273121
3/12/2019,37.56625
3/13/2019,38.607609
3/14/2019,39.178444
3/15/2019,39.417561
3/18/2019,40.119514
3/19/2019,40.698055
3/20/2019,41.014317
3/21/2019,42.101971
3/22/2019,40.080948
3/25/2019,39.895813
3/26/2019,40.104092
3/27/2019,39.093575
3/28/2019,39.271004
3/29/2019,39.386696
4/1/2019,39.42527
4/2/2019,39.918957
4/3/2019,40.443497
4/4/2019,41.191738
4/5/2019,42.17926
4/8/2019,42.940083
4/9/2019,42.637299
4/10/2019,42.629547
4/11/2019,42.062805
4/12/2019,41.75227
4/15/2019,40.743008
4/16/2019,40.416943
4/17/2019,41.061314
4/18/2019,41.20882
4/22/2019,41.651337
4/23/2019,41.410664
4/24/2019,40.743008
4/25/2019,40.727482
4/26/2019,40.890507
4/29/2019,40.331535
4/30/2019,39.376625
5/1/2019,38.918571
5/2/2019,38.243141
5/3/2019,37.730751
5/6/2019,37.497849
5/7/2019,36.853477
5/8/2019,37.660885
5/9/2019,37.886024
5/10/2019,38.740021
5/13/2019,37.047562
5/14/2019,37.016506
5/15/2019,36.977695
5/16/2019,36.721493
5/17/2019,35.820934
5/20/2019,35.588024
5/21/2019,35.85199
5/22/2019,35.611309
5/23/2019,35.067867
5/24/2019,35.339592
5/28/2019,34.866009
5/29/2019,36.100414
5/30/2019,36.294502
5/31/2019,36.465302
6/3/2019,35.813164
6/4/2019,37.47456
6/5/2019,36.954407
6/6/2019,37.435741
6/7/2019,37.660885
6/10/2019,37.847202
6/11/2019,38.724491
6/12/2019,38.126698
6/13/2019,38.196568
6/14/2019,37.722992
6/17/2019,37.327057
6/18/2019,38.507107
6/19/2019,39.407677
6/20/2019,39.725983
6/21/2019,39.423206
6/24/2019,40.036522
6/25/2019,39.803616
6/26/2019,40.166214
6/27/2019,39.767673
6/28/2019,39.884888
7/1/2019,39.947403
7/2/2019,39.541054
7/3/2019,39.509796
7/5/2019,39.861446
7/8/2019,39.509796
7/9/2019,39.619194
7/10/2019,39.955227
7/11/2019,40.408455
7/12/2019,40.20528
7/15/2019,40.603813
7/16/2019,41.283672
7/17/2019,41.08831
7/18/2019,40.510036
7/19/2019,41.033611
7/22/2019,40.533485
7/23/2019,41.22897
7/24/2019,40.345936
7/25/2019,40.009918
7/26/2019,39.861446
7/29/2019,39.384766
7/30/2019,38.759609
7/31/2019,38.978416
8/1/2019,37.634327
8/2/2019,38.017246
8/5/2019,36.251171
8/6/2019,38.017246
8/7/2019,39.00967
8/8/2019,39.517609
8/9/2019,39.486355
8/12/2019,38.923721
8/13/2019,40.228725
8/14/2019,38.697102
8/15/2019,39.064369
8/16/2019,39.681717
8/19/2019,40.486603
8/20/2019,40.220913
8/21/2019,39.548866
8/22/2019,39.111259
8/23/2019,38.079754
8/26/2019,38.439213
8/27/2019,38.150085
8/28/2019,38.103191
8/29/2019,38.814308
8/30/2019,38.915894
9/3/2019,38.642399
9/4/2019,39.290989
9/5/2019,38.61895
9/6/2019,38.822121
9/9/2019,38.470478
9/10/2019,38.431404
9/11/2019,39.861446
9/12/2019,39.744232
9/13/2019,38.869007
9/16/2019,39.853638
9/17/2019,39.931778
9/18/2019,39.611385
9/19/2019,39.634827
9/20/2019,39.298813
9/23/2019,39.720787
9/24/2019,40.025547
9/25/2019,40.345936
9/26/2019,40.129681
9/27/2019,39.56348
9/30/2019,38.887184
10/1/2019,38.855724
10/2/2019,38.832134
10/3/2019,39.862309
10/4/2019,39.948811
10/7/2019,39.32756
10/8/2019,38.91864
10/9/2019,38.832134
10/10/2019,39.193871
10/11/2019,39.28038
10/14/2019,38.745632
10/15/2019,38.501846
10/16/2019,38.446793
10/17/2019,39.005142
10/18/2019,38.902905
10/21/2019,39.319695
10/22/2019,40.106091
10/23/2019,39.791531
10/24/2019,40.106091
10/25/2019,40.923946
10/28/2019,40.719482
10/29/2019,41.246365
10/30/2019,40.923946
10/31/2019,40.798107
11/1/2019,41.749653
11/4/2019,42.386635
11/5/2019,43.228077
11/6/2019,42.819153
11/7/2019,42.811291
11/8/2019,42.237221
11/11/2019,41.914795
11/12/2019,41.442966
11/13/2019,40.522881
11/14/2019,40.231915
11/15/2019,40.853172
11/18/2019,40.342007
11/19/2019,39.933086
11/20/2019,39.878044
11/21/2019,40.302692
11/22/2019,40.184731
11/25/2019,39.893764
11/26/2019,38.47826
11/27/2019,37.998562
11/29/2019,37.959236
12/2/2019,37.959236
12/3/2019,38.13224
12/4/2019,39.296101
12/5/2019,39.752216
12/6/2019,40.208324
12/9/2019,40.113956
12/10/2019,40.058903
12/11/2019,40.719482
12/12/2019,41.104816
12/13/2019,41.537323
12/16/2019,42.630413
12/17/2019,42.614689
12/18/2019,43.448265
12/19/2019,43.912239
12/20/2019,43.180889
12/23/2019,43.495441
12/24/2019,43.542633
12/26/2019,43.76252
12/27/2019,43.367043
12/30/2019,43.303772
12/31/2019,43.335403
1/2/2020,43.675514
1/3/2020,43.501507
1/6/2020,43.675514
1/7/2020,43.896973
1/8/2020,44.244987
1/9/2020,43.08231
1/10/2020,42.710567
1/13/2020,43.106033
1/14/2020,42.821301
1/15/2020,42.718475
1/16/2020,42.892487
1/17/2020,43.469864
1/21/2020,42.876663
1/22/2020,43.208858
1/23/2020,42.805477
1/24/2020,42.734291
1/27/2020,41.642807
1/28/2020,42.25182
1/29/2020,42.236008
1/30/2020,42.164833
1/31/2020,41.500435
2/3/2020,41.919636
2/4/2020,43.193043
2/5/2020,43.44614
2/6/2020,43.889065
2/7/2020,43.817875
2/10/2020,43.548969
2/11/2020,43.1535
2/12/2020,43.469864
2/13/2020,43.461952
2/14/2020,43.343315
2/18/2020,43.129765
2/19/2020,43.76252
2/20/2020,43.026943
2/21/2020,39.712917
2/24/2020,38.297138
2/25/2020,38.740063
2/26/2020,38.700523
2/27/2020,38.241772
2/28/2020,37.553661
3/2/2020,36.849728
3/3/2020,35.607964
3/4/2020,36.390984
3/5/2020,35.315311
3/6/2020,33.701801
3/9/2020,27.271494
3/10/2020,28.956182
3/11/2020,26.172089
3/12/2020,22.945065
3/13/2020,23.111162
3/16/2020,18.405092
3/17/2020,19.417488
3/18/2020,16.237926
3/19/2020,15.05152
3/20/2020,15.043612
3/23/2020,13.105817
3/24/2020,13.691108
3/25/2020,17.685341
3/26/2020,20.754171
3/27/2020,18.602827
3/30/2020,19.10903
3/31/2020,19.741774
4/1/2020,18.681919
4/2/2020,19.10903
4/3/2020,19.26721
4/6/2020,20.841175
4/7/2020,20.975634
4/8/2020,21.299921
4/9/2020,22.082945
4/13/2020,21.893124
4/14/2020,22.502144
4/15/2020,22.25695
4/16/2020,21.513472
4/17/2020,22.067127
4/20/2020,21.600471
4/21/2020,19.65477
4/22/2020,19.219755
4/23/2020,19.180208
4/24/2020,18.998291
4/27/2020,19.314665
4/28/2020,20.02651
4/29/2020,20.580166
4/30/2020,20.643442
5/1/2020,19.836687
5/4/2020,20.050238
5/5/2020,19.275122
5/6/2020,18.903381
5/7/2020,19.528221
5/8/2020,19.773409
5/11/2020,19.40167
5/12/2020,18.950838
5/13/2020,17.843525
5/14/2020,17.780252
5/15/2020,18.04126
5/18/2020,18.990385
5/19/2020,18.128262
5/20/2020,18.563276
5/21/2020,18.626554
5/22/2020,18.238997
5/26/2020,19.196026
5/27/2020,20.2717
5/28/2020,20.382435
5/29/2020,20.453615
6/1/2020,21.355284
6/2/2020,21.980124
6/3/2020,23.554087
6/4/2020,24.26593
6/5/2020,25.918985
6/8/2020,26.686193
6/9/2020,24.977774
6/10/2020,23.427538
6/11/2020,21.481833
6/12/2020,22.470503
6/15/2020,22.960886
6/16/2020,21.727024
6/17/2020,21.877304
6/18/2020,21.64002
6/19/2020,21.671658
6/22/2020,20.627623
6/23/2020,21.118004
6/24/2020,20.849085
6/25/2020,21.023094
6/26/2020,20.87281
6/29/2020,20.999306
6/30/2020,21.063349
7/1/2020,21.367575
7/2/2020,21.863935
7/6/2020,22.032059
7/7/2020,21.935989
7/8/2020,22.720562
7/9/2020,22.136135
7/10/2020,22.5044
7/13/2020,21.871941
7/14/2020,21.535696
7/15/2020,21.687805
7/16/2020,21.775871
7/17/2020,21.279509
7/20/2020,20.655054
7/21/2020,22.000034
7/22/2020,22.25622
7/23/2020,22.400324
7/24/2020,22.288246
7/27/2020,22.936718
7/28/2020,22.576456
7/29/2020,22.824636
7/30/2020,22.640503
7/31/2020,22.352291
8/3/2020,21.695814
8/4/2020,21.167427
8/5/2020,21.127396
8/6/2020,21.007313
8/7/2020,20.142681
8/10/2020,21.255491
8/11/2020,21.311535
8/12/2020,21.015316
8/13/2020,21.24749
8/14/2020,21.04734
8/17/2020,20.542974
8/18/2020,21.199448
8/19/2020,21.303526
8/20/2020,21.487661
8/21/2020,21.287516
8/24/2020,21.863935
8/25/2020,22.328274
8/26/2020,22.568449
8/27/2020,22.5044
8/28/2020,23.024782
8/31/2020,22.464371
9/1/2020,24.169617
9/2/2020,24.201637
9/3/2020,23.84938
9/4/2020,23.92944
9/8/2020,23.329002
9/9/2020,23.689266
9/10/2020,22.808624
9/11/2020,22.41634
9/14/2020,22.176167
9/15/2020,22.064081
9/16/2020,22.232203
9/17/2020,21.903965
9/18/2020,21.727835
9/21/2020,21.439627
9/22/2020,20.951269
9/23/2020,20.574997
9/24/2020,20.919243
9/25/2020,20.735113
9/28/2020,20.823433
9/29/2020,20.288668
9/30/2020,20.701891
10/1/2020,20.791023
10/2/2020,20.944969
10/5/2020,21.131329
10/6/2020,20.969275
10/7/2020,20.799122
10/8/2020,21.090813
10/9/2020,21.333891
10/12/2020,20.904455
10/13/2020,20.475023
10/14/2020,20.799122
10/15/2020,20.475023
10/16/2020,20.685688
10/19/2020,21.228558
10/20/2020,21.82004
10/21/2020,21.868652
10/22/2020,21.252863
10/23/2020,21.617476
10/26/2020,21.828142
10/27/2020,21.34199
10/28/2020,20.296766
10/29/2020,20.069897
10/30/2020,20.653278
11/2/2020,20.847736
11/3/2020,21.285273
11/4/2020,21.309578
11/5/2020,21.876759
11/6/2020,22.071217
11/9/2020,23.626896
11/10/2020,23.724131
11/11/2020,23.780842
11/12/2020,23.367617
11/13/2020,23.67551
11/16/2020,25.223087
11/17/2020,23.991507
11/18/2020,24.501966
11/19/2020,24.202173
11/20/2020,24.453352
11/23/2020,24.623505
11/24/2020,25.393242
11/25/2020,24.99622
11/27/2020,24.947601
11/30/2020,24.672119
12/1/2020,26.171076
12/2/2020,26.689644
12/3/2020,27.070459
12/4/2020,28.537012
12/7/2020,28.666653
12/8/2020,29.209518
12/9/2020,30.254742
12/10/2020,30.870535
12/11/2020,30.70038
12/14/2020,31.235136
12/15/2020,32.944775
12/16/2020,33.074409
12/17/2020,33.447128
12/18/2020,34.014305
12/21/2020,32.17503
12/22/2020,32.474831
12/23/2020,32.442417
12/24/2020,32.636875
12/28/2020,32.896156
12/29/2020,33.083996
12/30/2020,33.443344
12/31/2020,32.814491
1/4/2021,32.381649
1/5/2021,32.267307
1/6/2021,32.879826
1/7/2021,32.430641
1/8/2021,32.577644
1/11/2021,31.662962
1/12/2021,32.55315
1/13/2021,32.185638
1/14/2021,32.504154
1/15/2021,31.654793
1/19/2021,31.442463
1/20/2021,31.695635
1/21/2021,30.707436
1/22/2021,29.539572
1/25/2021,28.633055
1/26/2021,28.208372
1/27/2021,27.669363
1/28/2021,28.388042
1/29/2021,28.73922
2/1/2021,29.294571
2/2/2021,29.923416
2/3/2021,29.596739
2/4/2021,29.368069
2/5/2021,29.760086
2/8/2021,30.021421
2/9/2021,29.792744
2/10/2021,29.825415
2/11/2021,29.441574
2/12/2021,29.768248
2/16/2021,29.319065
2/17/2021,29.302738
2/18/2021,28.976057
2/19/2021,29.016891
2/22/2021,28.837223
2/23/2021,29.229231
2/24/2021,29.302738
2/25/2021,27.285515
2/26/2021,27.31819
3/1/2021,28.061373
3/2/2021,27.506027
3/3/2021,27.350849
3/4/2021,27.15485
3/5/2021,27.285515
3/8/2021,26.958841
3/9/2021,27.350849
3/10/2021,27.840864
3/11/2021,28.208372
3/12/2021,28.085867
3/15/2021,28.232872
3/16/2021,27.865368
3/17/2021,27.824532
3/18/2021,27.424355
3/19/2021,27.334518
3/22/2021,27.032343
3/23/2021,26.885338
3/24/2021,26.640331
3/25/2021,26.967007
3/26/2021,26.191156
3/29/2021,26.182991
3/30/2021,26.101318
3/31/2021,26.125822
4/1/2021,26.175753
4/5/2021,26.650482
4/6/2021,26.666855
4/7/2021,26.846926
4/8/2021,27.190697
4/9/2021,27.207064
4/12/2021,26.560448
4/13/2021,26.486782
4/14/2021,26.986074
4/15/2021,27.468987
4/16/2021,27.706354
4/19/2021,27.125214
4/20/2021,26.486782
4/21/2021,26.740515
4/22/2021,26.306709
4/23/2021,25.881088
4/26/2021,25.782869
4/27/2021,26.085716
4/28/2021,25.774685
4/29/2021,25.250841
4/30/2021,24.49782
5/3/2021,23.736609
5/4/2021,23.507425
5/5/2021,23.859383
5/6/2021,24.636961
5/7/2021,25.13625
5/10/2021,26.151194
5/11/2021,25.275396
5/12/2021,24.792479
5/13/2021,24.77611
5/14/2021,26.04479
5/17/2021,25.209913
5/18/2021,25.2181
5/19/2021,24.939812
5/20/2021,24.555113
5/21/2021,24.129488
5/24/2021,24.113119
5/25/2021,23.867569
5/26/2021,23.982161
5/27/2021,24.555113
5/28/2021,24.571484
6/1/2021,25.185362
6/2/2021,25.193546
6/3/2021,25.668274
6/4/2021,25.529135
6/7/2021,25.128067
6/8/2021,25.537317
6/9/2021,25.602798
6/10/2021,25.602798
6/11/2021,25.58643
6/14/2021,25.717386
6/15/2021,24.751553
6/16/2021,24.759741
6/17/2021,24.178604
6/18/2021,23.875753
6/21/2021,24.039455
6/22/2021,23.491058
6/23/2021,23.548353
6/24/2021,23.900307
6/25/2021,24.031271
6/28/2021,23.704702
6/29/2021,23.204193
6/30/2021,23.630859
7/1/2021,23.171368
7/2/2021,24.410349
7/6/2021,23.721113
7/7/2021,24.032913
7/8/2021,24.205221
7/9/2021,24.861633
7/12/2021,24.771376
7/13/2021,24.517017
7/14/2021,24.886246
7/15/2021,24.861633
7/16/2021,24.730349
7/19/2021,23.942654
7/20/2021,24.631887
7/21/2021,24.19701
7/22/2021,23.794962
7/23/2021,23.811375
7/26/2021,23.827784
7/27/2021,23.786757
7/28/2021,23.844194
7/29/2021,23.942654
7/30/2021,23.343679
8/2/2021,23.409319
8/3/2021,23.310856
8/4/2021,23.975475
8/5/2021,23.294447
8/6/2021,22.9006
8/9/2021,22.917009
8/10/2021,23.532398
8/11/2021,23.778553
8/12/2021,24.943684
8/13/2021,25.772404
8/16/2021,26.059584
8/17/2021,25.698561
8/18/2021,26.781641
8/19/2021,26.912922
8/20/2021,26.757023
8/23/2021,26.724199
8/24/2021,26.863693
8/25/2021,26.699589
8/26/2021,26.215481
8/27/2021,26.863693
8/30/2021,27.109848
8/31/2021,27.282154
9/1/2021,27.585745
9/2/2021,26.986771
9/3/2021,27.044205
9/7/2021,26.896509
9/8/2021,26.945744
9/9/2021,26.839075
9/10/2021,26.871897
9/13/2021,26.551895
9/14/2021,26.494459
9/15/2021,26.839075
9/16/2021,26.748819
9/17/2021,26.601124
9/20/2021,26.412407
9/21/2021,26.034969
9/22/2021,26.256508
9/23/2021,26.51087
9/24/2021,26.535484
9/27/2021,28.012411
9/28/2021,27.968842
9/29/2021,28.264809
9/30/2021,28.462118
10/1/2021,28.766304
10/4/2021,28.766304
10/5/2021,28.938951
10/6/2021,28.355242
10/7/2021,29.037611
10/8/2021,29.210255
10/11/2021,29.045828
10/12/2021,28.774529
10/13/2021,29.062271
10/14/2021,29.826851
10/15/2021,30.205029
10/18/2021,29.695307
10/19/2021,29.678867
10/20/2021,29.670645
10/21/2021,29.382904
10/22/2021,29.259584
10/25/2021,29.465117
10/26/2021,29.917284
10/27/2021,29.917284
10/28/2021,29.695307
10/29/2021,29.539108
11/1/2021,29.892628
11/2/2021,29.276028
11/3/2021,29.333578
11/4/2021,28.478559
11/5/2021,28.28125
11/8/2021,28.519665
11/9/2021,28.067493
11/10/2021,27.533115
11/11/2021,27.196041
11/12/2021,27.228924
11/15/2021,26.760309
11/16/2021,26.349245
11/17/2021,25.814861
11/18/2021,25.790197
11/19/2021,25.264032
11/22/2021,25.264032
11/23/2021,25.18182
11/24/2021,25.190042
11/26/2021,24.844748
11/29/2021,24.97629
11/30/2021,26.193041
12/1/2021,28.199034
12/2/2021,29.119818
12/3/2021,28.790974
12/6/2021,28.495005
12/7/2021,27.746864
12/8/2021,27.212481
12/9/2021,27.113827
12/10/2021,27.056278
12/13/2021,26.077942
12/14/2021,25.461346
12/15/2021,25.847748
12/16/2021,26.982285
12/17/2021,26.563
12/20/2021,26.003952
12/21/2021,25.6751
12/22/2021,25.732647
12/23/2021,25.806639
12/27/2021,26.028614
12/28/2021,26.258812
12/29/2021,26.049557
12/30/2021,26.041323
12/31/2021,26.024843
1/3/2022,26.066034
1/4/2022,25.90127
1/5/2022,25.497593
1/6/2022,25.176294
1/7/2022,25.209251
1/10/2022,25.069199
1/11/2022,25.967176
1/12/2022,26.840437
1/13/2022,27.730175
1/14/2022,27.392405
1/18/2022,29.270739
1/19/2022,29.72385
1/20/2022,28.94944
1/21/2022,28.86706
1/24/2022,28.479862
1/25/2022,28.858826
1/26/2022,28.718775
1/27/2022,28.372765
1/28/2022,29.295458
1/31/2022,29.311934
2/1/2022,29.081259
2/2/2022,29.320168
2/3/2022,29.270739
2/4/2022,29.188354
2/7/2022,29.600273
2/8/2022,29.270739
2/9/2022,28.990635
2/10/2022,28.413952
2/11/2022,27.631313
2/14/2022,27.903177
2/15/2022,28.018517
2/16/2022,28.554003
2/17/2022,28.348049
2/18/2022,28.133854
2/22/2022,28.158567
2/23/2022,29.04007
2/24/2022,28.710529
2/25/2022,29.04007
2/28/2022,29.847422
3/1/2022,30.498251
3/2/2022,31.116123
3/3/2022,31.585705
3/4/2022,31.182032
3/7/2022,30.564154
3/8/2022,31.099648
3/9/2022,32.12944
3/10/2022,31.396231
3/11/2022,31.223221
3/14/2022,30.951357
3/15/2022,30.654778
3/16/2022,30.984308
3/17/2022,31.305605
3/18/2022,31.668089
3/21/2022,33.30751
3/22/2022,32.854404
3/23/2022,34.213726
3/24/2022,34.040726
3/25/2022,34.394974
3/28/2022,35.062279
3/29/2022,35.152897
3/30/2022,35.301189
3/31/2022,35.837151
4/1/2022,36.408394
4/4/2022,35.70274
4/5/2022,36.139572
4/6/2022,35.921154
4/7/2022,35.963165
4/8/2022,36.021965
4/11/2022,36.383194
4/12/2022,36.055565
4/13/2022,36.744423
4/14/2022,36.89563
4/18/2022,36.450394
4/19/2022,35.71114
4/20/2022,36.526001
4/21/2022,35.820347
4/22/2022,34.375435
4/25/2022,33.090141
4/26/2022,32.863323
4/27/2022,33.476563
4/28/2022,33.157345
4/29/2022,32.569298
5/2/2022,32.174469
5/3/2022,33.199348
5/4/2022,33.342155
5/5/2022,32.115658
5/6/2022,31.544422
5/9/2022,30.553143
5/10/2022,30.779963
5/11/2022,30.981577
5/12/2022,30.889166
5/13/2022,31.502415
5/16/2022,32.006458
5/17/2022,32.006458
5/18/2022,30.679155
5/19/2022,28.94862
5/20/2022,30.998379
5/23/2022,31.544422
5/24/2022,31.58642
5/25/2022,32.30048
5/26/2022,32.804516
5/27/2022,33.930202
5/31/2022,37.727291
6/1/2022,37.382866
6/2/2022,38.07172
6/3/2022,37.408066
6/6/2022,36.86203
6/7/2022,36.450394
6/8/2022,35.106297
6/9/2022,34.501442
6/10/2022,33.392563
6/13/2022,31.502415
6/14/2022,31.821644
6/15/2022,32.241673
6/16/2022,31.704037
6/17/2022,31.502415
6/21/2022,29.830688
6/22/2022,29.318251
6/23/2022,28.066553
6/24/2022,28.713402
6/27/2022,28.360575
6/28/2022,28.330437
6/29/2022,27.805162
6/30/2022,26.547945
7/1/2022,26.608221
7/5/2022,25.661003
7/6/2022,24.808506
7/7/2022,24.739618
7/8/2022,25.282116
7/11/2022,24.765451
7/12/2022,24.429619
7/13/2022,24.016287
7/14/2022,22.681572
7/15/2022,23.516844
7/18/2022,23.930178
7/19/2022,24.576008
7/20/2022,25.015173
7/21/2022,24.464064
7/22/2022,24.619062
7/25/2022,24.756842
7/26/2022,24.670729
7/27/2022,24.98934
7/28/2022,25.540449
7/29/2022,24.946281
8/1/2022,24.722395
8/2/2022,25.187393
8/3/2022,24.92045
8/4/2022,25.17017
8/5/2022,25.781559
8/8/2022,26.832108
8/9/2022,26.410168
8/10/2022,27.305717
8/11/2022,27.555439
8/12/2022,28.27877
8/15/2022,27.848217
8/16/2022,27.925714
8/17/2022,27.477942
8/18/2022,27.193775
8/19/2022,26.634054
8/22/2022,26.005447
8/23/2022,25.902113
8/24/2022,25.755726
8/25/2022,26.151836
8/26/2022,26.031279
8/29/2022,25.617949
8/30/2022,24.834339
8/31/2022,23.637402
9/1/2022,23.620176
9/2/2022,24.309063
9/6/2022,24.050732
9/7/2022,23.861288
9/8/2022,24.136843
9/9/2022,24.722395
9/12/2022,24.972116
9/13/2022,24.11101
9/14/2022,24.446842
9/15/2022,24.11101
9/16/2022,23.80101
9/19/2022,24.240175
9/20/2022,24.421009
9/21/2022,24.21434
9/22/2022,24.309063
9/23/2022,23.103516
9/26/2022,21.209078
9/27/2022,21.467411
9/28/2022,22.354858
9/29/2022,22.008755
9/30/2022,21.627153
10/3/2022,22.94945
10/4/2022,23.978893
10/5/2022,23.801401
10/6/2022,23.30443
10/7/2022,22.94945
10/10/2022,22.408106
10/11/2022,22.008755
10/12/2022,22.141872
10/13/2022,22.638844
10/14/2022,22.026503
10/17/2022,22.807459
10/18/2022,22.541224
10/19/2022,22.25724
10/20/2022,21.991007
10/21/2022,22.0975
10/24/2022,21.405287
10/25/2022,21.307671
10/26/2022,21.405287
10/27/2022,22.195118
10/28/2022,22.558973
10/31/2022,22.514601
11/1/2022,22.558973
11/2/2022,22.345985
11/3/2022,21.591652
11/4/2022,22.026503
11/7/2022,22.345985
11/8/2022,22.443607
11/9/2022,22.905077
11/10/2022,23.552917
11/11/2022,23.251184
11/14/2022,22.842957
11/15/2022,23.109194
11/16/2022,22.585598
11/17/2022,22.585598
11/18/2022,22.541224
11/21/2022,22.230616
11/22/2022,22.967199
11/23/2022,23.526293
11/25/2022,23.419798
11/28/2022,22.372606
11/29/2022,22.674341
11/30/2022,23.606163
12/1/2022,23.668287
12/2/2022,23.419798
12/5/2022,22.328238
12/6/2022,23.339926
12/7/2022,22.851831
12/8/2022,22.780834
12/9/2022,23.51742
12/12/2022,22.940577
12/13/2022,23.615038
12/14/2022,22.878456
12/15/2022,22.976074
12/16/2022,23.224562
12/19/2022,22.967199
12/20/2022,23.544043
12/21/2022,24.422617
12/22/2022,23.978893
12/23/2022,24.848593
12/27/2022,24.254
12/28/2022,24.413744
12/29/2022,25.453709
12/30/2022,25.944603
1/3/2023,24.690098
1/4/2023,25.362803
1/5/2023,25.417347
1/6/2023,25.890057
1/9/2023,26.171867
1/10/2023,26.144596
1/11/2023,26.553671
1/12/2023,26.717304
1/13/2023,26.971842
1/17/2023,26.490038
1/18/2023,26.408224
1/19/2023,26.80821
1/20/2023,27.299105
1/23/2023,27.590004
1/24/2023,27.690001
1/25/2023,27.535461
1/26/2023,28.071804
1/27/2023,27.644547
1/30/2023,26.980932
1/31/2023,27.499096
2/1/2023,27.199106
2/2/2023,26.417313
2/3/2023,26.617308
2/6/2023,26.444586
2/7/2023,26.426405
2/8/2023,26.480947
2/9/2023,25.708248
2/10/2023,25.517345
2/13/2023,26.008236
2/14/2023,25.935513
2/15/2023,24.681007
2/16/2023,24.635555
2/17/2023,24.326473
2/21/2023,23.435595
2/22/2023,22.999243
2/23/2023,23.51741
2/24/2023,23.271963
2/27/2023,23.790129
2/28/2023,23.2356
3/1/2023,23.608315
3/2/2023,23.271963
3/3/2023,24.090118
3/6/2023,24.344654
3/7/2023,24.062843
3/8/2023,24.135571
3/9/2023,23.562862
3/10/2023,23.37196
3/13/2023,21.772013
3/14/2023,21.608381
3/15/2023,20.235699
3/16/2023,21.053852
3/17/2023,20.499327
3/20/2023,20.735682
3/21/2023,21.226576
3/22/2023,21.062944
3/23/2023,20.53569
3/24/2023,20.853861
3/27/2023,21.535658
3/28/2023,22.017458
3/29/2023,22.562895
3/30/2023,23.109005
3/31/2023,23.539898
4/3/2023,24.158136
4/4/2023,24.223707
4/5/2023,24.25181
4/6/2023,24.317379
4/10/2023,24.542194
4/11/2023,25.226004
4/12/2023,25.750568
